model_key,condition,train_dataset,benchmark,n,acc_reported,acc_corrected,n_labels_changed,n_multi_hash,seed,base_reported,base_corrected,delta_reported,delta_corrected
falcon_h1_0_5b_base,__base__,base,arc_challenge,299,0.7424749163879598,0.7424749163879598,0,0,3407,0.7424749163879598,0.7424749163879598,0.0,0.0
falcon_h1_0_5b_base,__base__,base,gsm8k,256,0.3828125,0.53125,38,224,3407,0.3828125,0.53125,0.0,0.0
falcon_h1_0_5b_base,__base__,base,hellaswag,512,0.330078125,0.330078125,0,0,3407,0.330078125,0.330078125,0.0,0.0
falcon_h1_0_5b_base,__base__,base,mmlu,512,0.517578125,0.517578125,0,0,3407,0.517578125,0.517578125,0.0,0.0
falcon_h1_0_5b_base,all_eligible,codealpaca,arc_challenge,299,0.725752508361204,0.725752508361204,0,0,3407,0.7424749163879598,0.7424749163879598,-0.01672240802675584,-0.01672240802675584
falcon_h1_0_5b_base,all_eligible,codealpaca,gsm8k,256,0.359375,0.609375,66,237,3407,0.3828125,0.53125,-0.0234375,0.078125
falcon_h1_0_5b_base,all_eligible,codealpaca,hellaswag,512,0.314453125,0.314453125,0,0,3407,0.330078125,0.330078125,-0.015625,-0.015625
falcon_h1_0_5b_base,all_eligible,codealpaca,humaneval,157,0.0,0.33121019108280253,52,0,3407,,,,
falcon_h1_0_5b_base,all_eligible,codealpaca,mmlu,512,0.515625,0.515625,0,0,3407,0.517578125,0.517578125,-0.001953125,-0.001953125
falcon_h1_0_5b_base,attention_only,codealpaca,arc_challenge,299,0.7391304347826086,0.7391304347826086,0,0,3407,0.7424749163879598,0.7424749163879598,-0.0033444816053511683,-0.0033444816053511683
falcon_h1_0_5b_base,attention_only,codealpaca,gsm8k,256,0.390625,0.57421875,47,228,3407,0.3828125,0.53125,0.0078125,0.04296875
falcon_h1_0_5b_base,attention_only,codealpaca,hellaswag,512,0.3359375,0.3359375,0,0,3407,0.330078125,0.330078125,0.005859375,0.005859375
falcon_h1_0_5b_base,attention_only,codealpaca,humaneval,164,0.0,0.34146341463414637,56,0,3407,,,,
falcon_h1_0_5b_base,attention_only,codealpaca,mmlu,512,0.513671875,0.513671875,0,0,3407,0.517578125,0.517578125,-0.00390625,-0.00390625
falcon_h1_0_5b_base,attention_plus_mlp,codealpaca,arc_challenge,299,0.7290969899665551,0.7290969899665551,0,0,3407,0.7424749163879598,0.7424749163879598,-0.013377926421404673,-0.013377926421404673
falcon_h1_0_5b_base,attention_plus_mlp,codealpaca,gsm8k,256,0.36328125,0.58203125,56,237,3407,0.3828125,0.53125,-0.01953125,0.05078125
falcon_h1_0_5b_base,attention_plus_mlp,codealpaca,hellaswag,512,0.318359375,0.318359375,0,0,3407,0.330078125,0.330078125,-0.01171875,-0.01171875
falcon_h1_0_5b_base,attention_plus_mlp,codealpaca,humaneval,164,0.0,0.3170731707317073,52,0,3407,,,,
falcon_h1_0_5b_base,attention_plus_mlp,codealpaca,mmlu,512,0.505859375,0.505859375,0,0,3407,0.517578125,0.517578125,-0.01171875,-0.01171875
falcon_h1_0_5b_base,mlp_only,codealpaca,arc_challenge,299,0.7324414715719063,0.7324414715719063,0,0,3407,0.7424749163879598,0.7424749163879598,-0.010033444816053505,-0.010033444816053505
falcon_h1_0_5b_base,mlp_only,codealpaca,gsm8k,256,0.3203125,0.5703125,64,235,3407,0.3828125,0.53125,-0.0625,0.0390625
falcon_h1_0_5b_base,mlp_only,codealpaca,hellaswag,512,0.3125,0.3125,0,0,3407,0.330078125,0.330078125,-0.017578125,-0.017578125
falcon_h1_0_5b_base,mlp_only,codealpaca,humaneval,164,0.0,0.3231707317073171,53,0,3407,,,,
falcon_h1_0_5b_base,mlp_only,codealpaca,mmlu,512,0.51171875,0.51171875,0,0,3407,0.517578125,0.517578125,-0.005859375,-0.005859375
falcon_h1_0_5b_base,ssm_only,codealpaca,arc_challenge,299,0.7290969899665551,0.7290969899665551,0,0,3407,0.7424749163879598,0.7424749163879598,-0.013377926421404673,-0.013377926421404673
falcon_h1_0_5b_base,ssm_only,codealpaca,gsm8k,256,0.3203125,0.5859375,68,226,3407,0.3828125,0.53125,-0.0625,0.0546875
falcon_h1_0_5b_base,ssm_only,codealpaca,hellaswag,512,0.326171875,0.326171875,0,0,3407,0.330078125,0.330078125,-0.00390625,-0.00390625
falcon_h1_0_5b_base,ssm_only,codealpaca,humaneval,164,0.0,0.34146341463414637,56,0,3407,,,,
falcon_h1_0_5b_base,ssm_only,codealpaca,mmlu,512,0.517578125,0.517578125,0,0,3407,0.517578125,0.517578125,0.0,0.0
falcon_h1_0_5b_base,ssm_plus_mlp,codealpaca,arc_challenge,299,0.725752508361204,0.725752508361204,0,0,3407,0.7424749163879598,0.7424749163879598,-0.01672240802675584,-0.01672240802675584
falcon_h1_0_5b_base,ssm_plus_mlp,codealpaca,gsm8k,256,0.3515625,0.60546875,65,239,3407,0.3828125,0.53125,-0.03125,0.07421875
falcon_h1_0_5b_base,ssm_plus_mlp,codealpaca,hellaswag,512,0.31640625,0.31640625,0,0,3407,0.330078125,0.330078125,-0.013671875,-0.013671875
falcon_h1_0_5b_base,ssm_plus_mlp,codealpaca,humaneval,164,0.0,0.31097560975609756,51,0,3407,,,,
falcon_h1_0_5b_base,ssm_plus_mlp,codealpaca,mmlu,512,0.51953125,0.51953125,0,0,3407,0.517578125,0.517578125,0.001953125,0.001953125
falcon_h1_0_5b_base,all_eligible,gsm8k_train,arc_challenge,299,0.7123745819397993,0.7123745819397993,0,0,3407,0.7424749163879598,0.7424749163879598,-0.030100334448160515,-0.030100334448160515
falcon_h1_0_5b_base,all_eligible,gsm8k_train,gsm8k,256,0.50390625,0.5546875,13,41,3407,0.3828125,0.53125,0.12109375,0.0234375
falcon_h1_0_5b_base,all_eligible,gsm8k_train,hellaswag,512,0.302734375,0.302734375,0,0,3407,0.330078125,0.330078125,-0.02734375,-0.02734375
falcon_h1_0_5b_base,all_eligible,gsm8k_train,mmlu,512,0.515625,0.515625,0,0,3407,0.517578125,0.517578125,-0.001953125,-0.001953125
falcon_h1_0_5b_base,attention_only,gsm8k_train,arc_challenge,299,0.7324414715719063,0.7324414715719063,0,0,3407,0.7424749163879598,0.7424749163879598,-0.010033444816053505,-0.010033444816053505
falcon_h1_0_5b_base,attention_only,gsm8k_train,gsm8k,256,0.5546875,0.58984375,9,34,3407,0.3828125,0.53125,0.171875,0.05859375
falcon_h1_0_5b_base,attention_only,gsm8k_train,hellaswag,512,0.3203125,0.3203125,0,0,3407,0.330078125,0.330078125,-0.009765625,-0.009765625
falcon_h1_0_5b_base,attention_only,gsm8k_train,mmlu,512,0.501953125,0.501953125,0,0,3407,0.517578125,0.517578125,-0.015625,-0.015625
falcon_h1_0_5b_base,attention_plus_mlp,gsm8k_train,arc_challenge,299,0.7090301003344481,0.7090301003344481,0,0,3407,0.7424749163879598,0.7424749163879598,-0.03344481605351168,-0.03344481605351168
falcon_h1_0_5b_base,attention_plus_mlp,gsm8k_train,gsm8k,256,0.4921875,0.51953125,7,28,3407,0.3828125,0.53125,0.109375,-0.01171875
falcon_h1_0_5b_base,attention_plus_mlp,gsm8k_train,hellaswag,512,0.326171875,0.326171875,0,0,3407,0.330078125,0.330078125,-0.00390625,-0.00390625
falcon_h1_0_5b_base,attention_plus_mlp,gsm8k_train,mmlu,512,0.509765625,0.509765625,0,0,3407,0.517578125,0.517578125,-0.0078125,-0.0078125
falcon_h1_0_5b_base,mlp_only,gsm8k_train,arc_challenge,299,0.7090301003344481,0.7090301003344481,0,0,3407,0.7424749163879598,0.7424749163879598,-0.03344481605351168,-0.03344481605351168
falcon_h1_0_5b_base,mlp_only,gsm8k_train,gsm8k,256,0.5078125,0.54296875,9,33,3407,0.3828125,0.53125,0.125,0.01171875
falcon_h1_0_5b_base,mlp_only,gsm8k_train,hellaswag,512,0.326171875,0.326171875,0,0,3407,0.330078125,0.330078125,-0.00390625,-0.00390625
falcon_h1_0_5b_base,mlp_only,gsm8k_train,mmlu,512,0.505859375,0.505859375,0,0,3407,0.517578125,0.517578125,-0.01171875,-0.01171875
falcon_h1_0_5b_base,ssm_only,gsm8k_train,arc_challenge,299,0.7290969899665551,0.7290969899665551,0,0,3407,0.7424749163879598,0.7424749163879598,-0.013377926421404673,-0.013377926421404673
falcon_h1_0_5b_base,ssm_only,gsm8k_train,gsm8k,256,0.46875,0.55078125,21,102,3407,0.3828125,0.53125,0.0859375,0.01953125
falcon_h1_0_5b_base,ssm_only,gsm8k_train,hellaswag,512,0.3046875,0.3046875,0,0,3407,0.330078125,0.330078125,-0.025390625,-0.025390625
falcon_h1_0_5b_base,ssm_only,gsm8k_train,mmlu,512,0.5234375,0.5234375,0,0,3407,0.517578125,0.517578125,0.005859375,0.005859375
falcon_h1_0_5b_base,ssm_plus_mlp,gsm8k_train,arc_challenge,299,0.7123745819397993,0.7123745819397993,0,0,3407,0.7424749163879598,0.7424749163879598,-0.030100334448160515,-0.030100334448160515
falcon_h1_0_5b_base,ssm_plus_mlp,gsm8k_train,gsm8k,256,0.5078125,0.5703125,16,74,3407,0.3828125,0.53125,0.125,0.0390625
falcon_h1_0_5b_base,ssm_plus_mlp,gsm8k_train,hellaswag,512,0.306640625,0.306640625,0,0,3407,0.330078125,0.330078125,-0.0234375,-0.0234375
falcon_h1_0_5b_base,ssm_plus_mlp,gsm8k_train,mmlu,512,0.515625,0.515625,0,0,3407,0.517578125,0.517578125,-0.001953125,-0.001953125
falcon_h1_0_5b_base,all_eligible,ultrachat,arc_challenge,299,0.7290969899665551,0.7290969899665551,0,0,3407,0.7424749163879598,0.7424749163879598,-0.013377926421404673,-0.013377926421404673
falcon_h1_0_5b_base,all_eligible,ultrachat,gsm8k,256,0.4296875,0.61328125,47,221,3407,0.3828125,0.53125,0.046875,0.08203125
falcon_h1_0_5b_base,all_eligible,ultrachat,hellaswag,512,0.287109375,0.287109375,0,0,3407,0.330078125,0.330078125,-0.04296875,-0.04296875
falcon_h1_0_5b_base,all_eligible,ultrachat,mmlu,512,0.509765625,0.509765625,0,0,3407,0.517578125,0.517578125,-0.0078125,-0.0078125
falcon_h1_0_5b_base,attention_only,ultrachat,arc_challenge,299,0.7357859531772575,0.7357859531772575,0,0,3407,0.7424749163879598,0.7424749163879598,-0.006688963210702337,-0.006688963210702337
falcon_h1_0_5b_base,attention_only,ultrachat,gsm8k,256,0.484375,0.5859375,26,227,3407,0.3828125,0.53125,0.1015625,0.0546875
falcon_h1_0_5b_base,attention_only,ultrachat,hellaswag,512,0.314453125,0.314453125,0,0,3407,0.330078125,0.330078125,-0.015625,-0.015625
falcon_h1_0_5b_base,attention_only,ultrachat,mmlu,512,0.5078125,0.5078125,0,0,3407,0.517578125,0.517578125,-0.009765625,-0.009765625
falcon_h1_0_5b_base,attention_plus_mlp,ultrachat,arc_challenge,299,0.7290969899665551,0.7290969899665551,0,0,3407,0.7424749163879598,0.7424749163879598,-0.013377926421404673,-0.013377926421404673
falcon_h1_0_5b_base,attention_plus_mlp,ultrachat,gsm8k,256,0.4921875,0.6171875,32,225,3407,0.3828125,0.53125,0.109375,0.0859375
falcon_h1_0_5b_base,attention_plus_mlp,ultrachat,hellaswag,512,0.291015625,0.291015625,0,0,3407,0.330078125,0.330078125,-0.0390625,-0.0390625
falcon_h1_0_5b_base,attention_plus_mlp,ultrachat,mmlu,512,0.5,0.5,0,0,3407,0.517578125,0.517578125,-0.017578125,-0.017578125
falcon_h1_0_5b_base,mlp_only,ultrachat,arc_challenge,299,0.725752508361204,0.725752508361204,0,0,3407,0.7424749163879598,0.7424749163879598,-0.01672240802675584,-0.01672240802675584
falcon_h1_0_5b_base,mlp_only,ultrachat,gsm8k,256,0.46875,0.5859375,30,220,3407,0.3828125,0.53125,0.0859375,0.0546875
falcon_h1_0_5b_base,mlp_only,ultrachat,hellaswag,512,0.29296875,0.29296875,0,0,3407,0.330078125,0.330078125,-0.037109375,-0.037109375
falcon_h1_0_5b_base,mlp_only,ultrachat,mmlu,512,0.5078125,0.5078125,0,0,3407,0.517578125,0.517578125,-0.009765625,-0.009765625
falcon_h1_0_5b_base,ssm_only,ultrachat,arc_challenge,299,0.7391304347826086,0.7391304347826086,0,0,3407,0.7424749163879598,0.7424749163879598,-0.0033444816053511683,-0.0033444816053511683
falcon_h1_0_5b_base,ssm_only,ultrachat,gsm8k,256,0.48828125,0.62109375,34,223,3407,0.3828125,0.53125,0.10546875,0.08984375
falcon_h1_0_5b_base,ssm_only,ultrachat,hellaswag,512,0.306640625,0.306640625,0,0,3407,0.330078125,0.330078125,-0.0234375,-0.0234375
falcon_h1_0_5b_base,ssm_only,ultrachat,mmlu,512,0.517578125,0.517578125,0,0,3407,0.517578125,0.517578125,0.0,0.0
falcon_h1_0_5b_base,ssm_plus_mlp,ultrachat,arc_challenge,299,0.7391304347826086,0.7391304347826086,0,0,3407,0.7424749163879598,0.7424749163879598,-0.0033444816053511683,-0.0033444816053511683
falcon_h1_0_5b_base,ssm_plus_mlp,ultrachat,gsm8k,256,0.47265625,0.6171875,37,219,3407,0.3828125,0.53125,0.08984375,0.0859375
falcon_h1_0_5b_base,ssm_plus_mlp,ultrachat,hellaswag,512,0.30078125,0.30078125,0,0,3407,0.330078125,0.330078125,-0.029296875,-0.029296875
falcon_h1_0_5b_base,ssm_plus_mlp,ultrachat,mmlu,512,0.5078125,0.5078125,0,0,3407,0.517578125,0.517578125,-0.009765625,-0.009765625
qwen3_5_0_8b_base,__base__,base,arc_challenge,299,0.7324414715719063,0.7324414715719063,0,0,3407,0.7324414715719063,0.7324414715719063,0.0,0.0
qwen3_5_0_8b_base,__base__,base,gsm8k,128,0.296875,0.421875,18,113,3407,0.296875,0.421875,0.0,0.0
qwen3_5_0_8b_base,__base__,base,hellaswag,512,0.416015625,0.416015625,0,0,3407,0.416015625,0.416015625,0.0,0.0
qwen3_5_0_8b_base,__base__,base,mmlu,512,0.482421875,0.482421875,0,0,3407,0.482421875,0.482421875,0.0,0.0
qwen3_5_0_8b_base,all_layers,codealpaca,arc_challenge,299,0.7224080267558528,0.7224080267558528,0,0,3407,0.7324414715719063,0.7324414715719063,-0.010033444816053505,-0.010033444816053505
qwen3_5_0_8b_base,all_layers,codealpaca,gsm8k,256,0.078125,0.37890625,77,233,3407,0.296875,0.421875,-0.21875,-0.04296875
qwen3_5_0_8b_base,all_layers,codealpaca,hellaswag,512,0.43359375,0.43359375,0,0,3407,0.416015625,0.416015625,0.017578125,0.017578125
qwen3_5_0_8b_base,all_layers,codealpaca,humaneval,164,0.0,0.23780487804878048,39,0,3407,,,,
qwen3_5_0_8b_base,all_layers,codealpaca,mmlu,512,0.486328125,0.486328125,0,0,3407,0.482421875,0.482421875,0.00390625,0.00390625
qwen3_5_0_8b_base,gdn_only,codealpaca,arc_challenge,299,0.7357859531772575,0.7357859531772575,0,0,3407,0.7324414715719063,0.7324414715719063,0.0033444816053511683,0.0033444816053511683
qwen3_5_0_8b_base,gdn_only,codealpaca,gsm8k,256,0.1015625,0.37890625,71,199,3407,0.296875,0.421875,-0.1953125,-0.04296875
qwen3_5_0_8b_base,gdn_only,codealpaca,hellaswag,512,0.396484375,0.396484375,0,0,3407,0.416015625,0.416015625,-0.01953125,-0.01953125
qwen3_5_0_8b_base,gdn_only,codealpaca,humaneval,164,0.0,0.25609756097560976,42,0,3407,,,,
qwen3_5_0_8b_base,gdn_only,codealpaca,mmlu,512,0.478515625,0.478515625,0,0,3407,0.482421875,0.482421875,-0.00390625,-0.00390625
qwen3_5_0_8b_base,gdn_plus_mlp,codealpaca,arc_challenge,299,0.7224080267558528,0.7224080267558528,0,0,3407,0.7324414715719063,0.7324414715719063,-0.010033444816053505,-0.010033444816053505
qwen3_5_0_8b_base,gdn_plus_mlp,codealpaca,gsm8k,256,0.2265625,0.41796875,49,121,3407,0.296875,0.421875,-0.0703125,-0.00390625
qwen3_5_0_8b_base,gdn_plus_mlp,codealpaca,hellaswag,512,0.42578125,0.42578125,0,0,3407,0.416015625,0.416015625,0.009765625,0.009765625
qwen3_5_0_8b_base,gdn_plus_mlp,codealpaca,humaneval,164,0.0,0.22560975609756098,37,0,3407,,,,
qwen3_5_0_8b_base,gdn_plus_mlp,codealpaca,mmlu,512,0.478515625,0.478515625,0,0,3407,0.482421875,0.482421875,-0.00390625,-0.00390625
qwen3_5_0_8b_base,mlp_only,codealpaca,arc_challenge,299,0.745819397993311,0.745819397993311,0,0,3407,0.7324414715719063,0.7324414715719063,0.013377926421404673,0.013377926421404673
qwen3_5_0_8b_base,mlp_only,codealpaca,gsm8k,256,0.203125,0.3828125,46,156,3407,0.296875,0.421875,-0.09375,-0.0390625
qwen3_5_0_8b_base,mlp_only,codealpaca,hellaswag,512,0.42578125,0.42578125,0,0,3407,0.416015625,0.416015625,0.009765625,0.009765625
qwen3_5_0_8b_base,mlp_only,codealpaca,humaneval,164,0.0,0.22560975609756098,37,0,3407,,,,
qwen3_5_0_8b_base,mlp_only,codealpaca,mmlu,512,0.49609375,0.49609375,0,0,3407,0.482421875,0.482421875,0.013671875,0.013671875
qwen3_5_0_8b_base,softmax_only,codealpaca,arc_challenge,299,0.7190635451505016,0.7190635451505016,0,0,3407,0.7324414715719063,0.7324414715719063,-0.013377926421404673,-0.013377926421404673
qwen3_5_0_8b_base,softmax_only,codealpaca,gsm8k,256,0.18359375,0.38671875,54,197,3407,0.296875,0.421875,-0.11328125,-0.03515625
qwen3_5_0_8b_base,softmax_only,codealpaca,hellaswag,512,0.427734375,0.427734375,0,0,3407,0.416015625,0.416015625,0.01171875,0.01171875
qwen3_5_0_8b_base,softmax_only,codealpaca,humaneval,164,0.0,0.21341463414634146,35,0,3407,,,,
qwen3_5_0_8b_base,softmax_only,codealpaca,mmlu,512,0.505859375,0.505859375,0,0,3407,0.482421875,0.482421875,0.0234375,0.0234375
qwen3_5_0_8b_base,softmax_plus_mlp,codealpaca,arc_challenge,299,0.7290969899665551,0.7290969899665551,0,0,3407,0.7324414715719063,0.7324414715719063,-0.0033444816053511683,-0.0033444816053511683
qwen3_5_0_8b_base,softmax_plus_mlp,codealpaca,gsm8k,256,0.09765625,0.390625,77,205,3407,0.296875,0.421875,-0.19921875,-0.03125
qwen3_5_0_8b_base,softmax_plus_mlp,codealpaca,hellaswag,512,0.412109375,0.412109375,0,0,3407,0.416015625,0.416015625,-0.00390625,-0.00390625
qwen3_5_0_8b_base,softmax_plus_mlp,codealpaca,humaneval,164,0.0,0.24390243902439024,40,0,3407,,,,
qwen3_5_0_8b_base,softmax_plus_mlp,codealpaca,mmlu,512,0.494140625,0.494140625,0,0,3407,0.482421875,0.482421875,0.01171875,0.01171875
qwen3_5_0_8b_base,all_layers,gsm8k_train,arc_challenge,299,0.745819397993311,0.745819397993311,0,0,3407,0.7324414715719063,0.7324414715719063,0.013377926421404673,0.013377926421404673
qwen3_5_0_8b_base,all_layers,gsm8k_train,gsm8k,128,0.375,0.4921875,15,58,3407,0.296875,0.421875,0.078125,0.0703125
qwen3_5_0_8b_base,all_layers,gsm8k_train,hellaswag,512,0.43359375,0.43359375,0,0,3407,0.416015625,0.416015625,0.017578125,0.017578125
qwen3_5_0_8b_base,all_layers,gsm8k_train,mmlu,512,0.47265625,0.47265625,0,0,3407,0.482421875,0.482421875,-0.009765625,-0.009765625
qwen3_5_0_8b_base,gdn_only,gsm8k_train,arc_challenge,299,0.7324414715719063,0.7324414715719063,0,0,3407,0.7324414715719063,0.7324414715719063,0.0,0.0
qwen3_5_0_8b_base,gdn_only,gsm8k_train,gsm8k,128,0.1484375,0.4375,37,118,3407,0.296875,0.421875,-0.1484375,0.015625
qwen3_5_0_8b_base,gdn_only,gsm8k_train,hellaswag,512,0.451171875,0.451171875,0,0,3407,0.416015625,0.416015625,0.03515625,0.03515625
qwen3_5_0_8b_base,gdn_only,gsm8k_train,mmlu,512,0.48828125,0.48828125,0,0,3407,0.482421875,0.482421875,0.005859375,0.005859375
qwen3_5_0_8b_base,gdn_plus_mlp,gsm8k_train,arc_challenge,299,0.7123745819397993,0.7123745819397993,0,0,3407,0.7324414715719063,0.7324414715719063,-0.02006688963210701,-0.02006688963210701
qwen3_5_0_8b_base,gdn_plus_mlp,gsm8k_train,gsm8k,128,0.203125,0.5,38,111,3407,0.296875,0.421875,-0.09375,0.078125
qwen3_5_0_8b_base,gdn_plus_mlp,gsm8k_train,hellaswag,512,0.43359375,0.43359375,0,0,3407,0.416015625,0.416015625,0.017578125,0.017578125
qwen3_5_0_8b_base,gdn_plus_mlp,gsm8k_train,mmlu,512,0.501953125,0.501953125,0,0,3407,0.482421875,0.482421875,0.01953125,0.01953125
qwen3_5_0_8b_base,mlp_only,gsm8k_train,arc_challenge,299,0.7090301003344481,0.7090301003344481,0,0,3407,0.7324414715719063,0.7324414715719063,-0.02341137123745818,-0.02341137123745818
qwen3_5_0_8b_base,mlp_only,gsm8k_train,gsm8k,128,0.3828125,0.46875,11,34,3407,0.296875,0.421875,0.0859375,0.046875
qwen3_5_0_8b_base,mlp_only,gsm8k_train,hellaswag,512,0.458984375,0.458984375,0,0,3407,0.416015625,0.416015625,0.04296875,0.04296875
qwen3_5_0_8b_base,mlp_only,gsm8k_train,mmlu,512,0.4765625,0.4765625,0,0,3407,0.482421875,0.482421875,-0.005859375,-0.005859375
qwen3_5_0_8b_base,softmax_only,gsm8k_train,arc_challenge,299,0.725752508361204,0.725752508361204,0,0,3407,0.7324414715719063,0.7324414715719063,-0.006688963210702337,-0.006688963210702337
qwen3_5_0_8b_base,softmax_only,gsm8k_train,gsm8k,128,0.3984375,0.3984375,0,0,3407,0.296875,0.421875,0.1015625,-0.0234375
qwen3_5_0_8b_base,softmax_only,gsm8k_train,hellaswag,512,0.3984375,0.3984375,0,0,3407,0.416015625,0.416015625,-0.017578125,-0.017578125
qwen3_5_0_8b_base,softmax_only,gsm8k_train,mmlu,512,0.490234375,0.490234375,0,0,3407,0.482421875,0.482421875,0.0078125,0.0078125
qwen3_5_0_8b_base,softmax_plus_mlp,gsm8k_train,arc_challenge,299,0.705685618729097,0.705685618729097,0,0,3407,0.7324414715719063,0.7324414715719063,-0.026755852842809347,-0.026755852842809347
qwen3_5_0_8b_base,softmax_plus_mlp,gsm8k_train,gsm8k,128,0.1484375,0.453125,39,121,3407,0.296875,0.421875,-0.1484375,0.03125
qwen3_5_0_8b_base,softmax_plus_mlp,gsm8k_train,hellaswag,512,0.416015625,0.416015625,0,0,3407,0.416015625,0.416015625,0.0,0.0
qwen3_5_0_8b_base,softmax_plus_mlp,gsm8k_train,mmlu,512,0.48046875,0.48046875,0,0,3407,0.482421875,0.482421875,-0.001953125,-0.001953125
qwen3_5_0_8b_base,all_layers,ultrachat,arc_challenge,299,0.7324414715719063,0.7324414715719063,0,0,3407,0.7324414715719063,0.7324414715719063,0.0,0.0
qwen3_5_0_8b_base,all_layers,ultrachat,gsm8k,256,0.140625,0.36328125,57,218,3407,0.296875,0.421875,-0.15625,-0.05859375
qwen3_5_0_8b_base,all_layers,ultrachat,hellaswag,512,0.373046875,0.373046875,0,0,3407,0.416015625,0.416015625,-0.04296875,-0.04296875
qwen3_5_0_8b_base,all_layers,ultrachat,mmlu,512,0.486328125,0.486328125,0,0,3407,0.482421875,0.482421875,0.00390625,0.00390625
qwen3_5_0_8b_base,gdn_only,ultrachat,arc_challenge,299,0.7324414715719063,0.7324414715719063,0,0,3407,0.7324414715719063,0.7324414715719063,0.0,0.0
qwen3_5_0_8b_base,gdn_only,ultrachat,gsm8k,256,0.2421875,0.36328125,33,193,3407,0.296875,0.421875,-0.0546875,-0.05859375
qwen3_5_0_8b_base,gdn_only,ultrachat,hellaswag,512,0.3828125,0.3828125,0,0,3407,0.416015625,0.416015625,-0.033203125,-0.033203125
qwen3_5_0_8b_base,gdn_only,ultrachat,mmlu,512,0.48828125,0.48828125,0,0,3407,0.482421875,0.482421875,0.005859375,0.005859375
qwen3_5_0_8b_base,gdn_plus_mlp,ultrachat,arc_challenge,299,0.7424749163879598,0.7424749163879598,0,0,3407,0.7324414715719063,0.7324414715719063,0.010033444816053505,0.010033444816053505
qwen3_5_0_8b_base,gdn_plus_mlp,ultrachat,gsm8k,256,0.1640625,0.421875,66,224,3407,0.296875,0.421875,-0.1328125,0.0
qwen3_5_0_8b_base,gdn_plus_mlp,ultrachat,hellaswag,512,0.41796875,0.41796875,0,0,3407,0.416015625,0.416015625,0.001953125,0.001953125
qwen3_5_0_8b_base,gdn_plus_mlp,ultrachat,mmlu,512,0.486328125,0.486328125,0,0,3407,0.482421875,0.482421875,0.00390625,0.00390625
qwen3_5_0_8b_base,mlp_only,ultrachat,arc_challenge,299,0.745819397993311,0.745819397993311,0,0,3407,0.7324414715719063,0.7324414715719063,0.013377926421404673,0.013377926421404673
qwen3_5_0_8b_base,mlp_only,ultrachat,gsm8k,256,0.14453125,0.3984375,67,227,3407,0.296875,0.421875,-0.15234375,-0.0234375
qwen3_5_0_8b_base,mlp_only,ultrachat,hellaswag,512,0.416015625,0.416015625,0,0,3407,0.416015625,0.416015625,0.0,0.0
qwen3_5_0_8b_base,mlp_only,ultrachat,mmlu,512,0.4921875,0.4921875,0,0,3407,0.482421875,0.482421875,0.009765625,0.009765625
qwen3_5_0_8b_base,softmax_only,ultrachat,arc_challenge,299,0.745819397993311,0.745819397993311,0,0,3407,0.7324414715719063,0.7324414715719063,0.013377926421404673,0.013377926421404673
qwen3_5_0_8b_base,softmax_only,ultrachat,gsm8k,256,0.2578125,0.37109375,29,214,3407,0.296875,0.421875,-0.0390625,-0.05078125
qwen3_5_0_8b_base,softmax_only,ultrachat,hellaswag,512,0.421875,0.421875,0,0,3407,0.416015625,0.416015625,0.005859375,0.005859375
qwen3_5_0_8b_base,softmax_only,ultrachat,mmlu,512,0.48828125,0.48828125,0,0,3407,0.482421875,0.482421875,0.005859375,0.005859375
qwen3_5_0_8b_base,softmax_plus_mlp,ultrachat,arc_challenge,299,0.7224080267558528,0.7224080267558528,0,0,3407,0.7324414715719063,0.7324414715719063,-0.010033444816053505,-0.010033444816053505
qwen3_5_0_8b_base,softmax_plus_mlp,ultrachat,gsm8k,256,0.13671875,0.390625,65,223,3407,0.296875,0.421875,-0.16015625,-0.03125
qwen3_5_0_8b_base,softmax_plus_mlp,ultrachat,hellaswag,512,0.400390625,0.400390625,0,0,3407,0.416015625,0.416015625,-0.015625,-0.015625
qwen3_5_0_8b_base,softmax_plus_mlp,ultrachat,mmlu,512,0.5,0.5,0,0,3407,0.482421875,0.482421875,0.017578125,0.017578125
