n_shared,diff_pp,ci_low_pp,ci_high_pp,p,model,domain,benchmark,cond_a,cond_b,p_holm,sig_raw,sig_holm
512,4.296875,2.1484375,6.640625,0.0,qwen3,gsm8k_train,hellaswag,mlp_only,softmax_plus_mlp,0.0,True,True
512,-4.296875,-6.640625,-1.953125,0.0,falcon,ultrachat,hellaswag,all_eligible,__base__,0.0,True,True
512,-6.0546875,-8.7890625,-3.3203125,0.0002,qwen3,gsm8k_train,hellaswag,softmax_only,mlp_only,0.004,True,True
512,4.296875,1.7578125,6.8359375,0.0006,qwen3,gsm8k_train,hellaswag,mlp_only,__base__,0.011399999999999999,True,True
512,-5.2734375,-8.3984375,-2.34375,0.0008,qwen3,gsm8k_train,hellaswag,softmax_only,gdn_only,0.014400000000000001,True,True
512,-3.90625,-6.25,-1.5625,0.0008,falcon,ultrachat,hellaswag,attention_plus_mlp,__base__,0.016,True,True
256,8.59375,3.125,14.0625,0.0018,falcon,ultrachat,gsm8k,attention_plus_mlp,__base__,0.0378,True,True
256,8.59375,3.125,14.0625,0.002,falcon,ultrachat,gsm8k,ssm_plus_mlp,__base__,0.04,True,True
512,-3.7109375,-6.25,-1.171875,0.0022,falcon,ultrachat,hellaswag,mlp_only,__base__,0.041800000000000004,True,True
256,8.984375,3.125,14.84375,0.0022,falcon,ultrachat,gsm8k,ssm_only,__base__,0.041800000000000004,True,True
256,7.8125,2.734375,12.890625,0.004,falcon,codealpaca,gsm8k,all_eligible,__base__,0.084,True,False
256,7.421875,2.34375,12.5,0.0046,falcon,codealpaca,gsm8k,ssm_plus_mlp,__base__,0.092,True,False
512,-4.4921875,-7.6171875,-1.5625,0.0052,qwen3,ultrachat,hellaswag,all_layers,gdn_plus_mlp,0.10919999999999999,True,False
299,-3.3444816053511706,-5.68561872909699,-1.0033444816053512,0.0058,falcon,gsm8k_train,arc_challenge,mlp_only,__base__,0.12179999999999999,True,False
299,-3.3444816053511706,-5.68561872909699,-1.0033444816053512,0.0066,falcon,gsm8k_train,arc_challenge,attention_plus_mlp,__base__,0.132,True,False
512,-2.734375,-4.8828125,-0.78125,0.0072,falcon,ultrachat,hellaswag,all_eligible,attention_only,0.1296,True,False
299,4.013377926421405,1.0033444816053512,7.023411371237458,0.0088,qwen3,gsm8k_train,arc_challenge,all_layers,softmax_plus_mlp,0.18480000000000002,True,False
256,8.203125,2.34375,14.072265624999858,0.0092,falcon,ultrachat,gsm8k,all_eligible,__base__,0.1656,True,False
299,-3.0100334448160537,-5.351170568561873,-0.6688963210702341,0.0104,falcon,gsm8k_train,arc_challenge,all_eligible,__base__,0.1976,True,False
299,-3.0100334448160537,-5.351170568561873,-0.6688963210702341,0.0106,falcon,gsm8k_train,arc_challenge,ssm_plus_mlp,__base__,0.1976,True,False
512,-2.9296875,-5.2734375,-0.78125,0.0114,qwen3,gsm8k_train,mmlu,all_layers,gdn_plus_mlp,0.2394,True,False
512,3.515625,0.78125,6.25,0.013,qwen3,gsm8k_train,hellaswag,gdn_only,softmax_plus_mlp,0.221,True,False
512,3.515625,0.78125,6.25,0.0144,qwen3,gsm8k_train,hellaswag,gdn_only,__base__,0.2304,True,False
512,-4.8828125,-8.7890625,-0.9765625,0.0146,qwen3,ultrachat,hellaswag,all_layers,softmax_only,0.292,True,False
299,3.678929765886288,1.0033444816053512,6.688963210702341,0.0148,qwen3,gsm8k_train,arc_challenge,all_layers,mlp_only,0.29600000000000004,True,False
512,-4.296875,-7.8125,-0.78125,0.0168,qwen3,ultrachat,hellaswag,all_layers,mlp_only,0.3192,True,False
512,-2.734375,-4.8828125,-0.5859375,0.0184,falcon,gsm8k_train,hellaswag,all_eligible,__base__,0.38639999999999997,True,False
512,-2.34375,-4.296875,-0.390625,0.0194,falcon,gsm8k_train,hellaswag,all_eligible,attention_plus_mlp,0.388,True,False
128,9.375,1.5625,17.1875,0.0198,qwen3,gsm8k_train,gsm8k,all_layers,softmax_only,0.41580000000000006,True,False
512,-2.5390625,-4.6875,-0.5859375,0.0198,qwen3,gsm8k_train,mmlu,mlp_only,gdn_plus_mlp,0.396,True,False
512,-2.34375,-4.296875,-0.390625,0.0204,falcon,gsm8k_train,hellaswag,all_eligible,mlp_only,0.388,True,False
299,3.3444816053511706,0.6688963210702341,6.354515050167224,0.0256,qwen3,gsm8k_train,arc_challenge,all_layers,gdn_plus_mlp,0.4864,True,False
512,2.34375,0.390625,4.296875,0.026,falcon,ultrachat,hellaswag,attention_only,attention_plus_mlp,0.442,True,False
512,3.515625,0.390625,6.4453125,0.0262,qwen3,gsm8k_train,hellaswag,all_layers,softmax_only,0.393,True,False
256,7.03125,1.171875,12.890625,0.027,falcon,gsm8k_train,gsm8k,attention_only,attention_plus_mlp,0.567,True,False
299,2.341137123745819,0.33444816053511706,4.682274247491638,0.032,qwen3,ultrachat,arc_challenge,mlp_only,softmax_plus_mlp,0.672,True,False
256,5.46875,0.78125,10.546875,0.0326,falcon,codealpaca,gsm8k,ssm_only,__base__,0.6194,True,False
256,5.46875,0.78125,10.546875,0.0328,falcon,ultrachat,gsm8k,attention_only,__base__,0.5576000000000001,True,False
512,-2.9296875,-5.46875,-0.390625,0.033,falcon,ultrachat,hellaswag,ssm_plus_mlp,__base__,0.528,True,False
512,-2.34375,-4.4921875,-0.1953125,0.0332,falcon,gsm8k_train,hellaswag,ssm_plus_mlp,__base__,0.5976,True,False
128,-10.15625,-19.53125,-0.78125,0.0336,qwen3,gsm8k_train,gsm8k,softmax_only,gdn_plus_mlp,0.6719999999999999,True,False
512,3.7109375,0.390625,7.03125,0.0344,qwen3,codealpaca,hellaswag,all_layers,gdn_only,0.7224,True,False
256,5.078125,0.390625,9.765625,0.0372,falcon,codealpaca,gsm8k,attention_plus_mlp,__base__,0.6696,True,False
512,-2.5390625,-4.8828125,-0.1953125,0.039,falcon,gsm8k_train,hellaswag,ssm_only,__base__,0.663,True,False
512,-3.515625,-6.640625,-0.1953125,0.039,qwen3,gsm8k_train,hellaswag,softmax_only,gdn_plus_mlp,0.546,True,False
512,-4.296875,-8.3984375,-0.1953125,0.0412,qwen3,ultrachat,hellaswag,all_layers,__base__,0.7416,True,False
256,5.46875,0.390625,10.9375,0.0434,falcon,ultrachat,gsm8k,mlp_only,__base__,0.6944,True,False
256,-5.859375,-11.71875,-0.390625,0.0446,qwen3,ultrachat,gsm8k,all_layers,gdn_plus_mlp,0.9366,True,False
256,-5.859375,-11.328125,-0.390625,0.0466,qwen3,ultrachat,gsm8k,gdn_only,gdn_plus_mlp,0.9366,True,False
256,-5.078125,-9.765625,-0.390625,0.047,falcon,gsm8k_train,gsm8k,attention_plus_mlp,ssm_plus_mlp,0.94,True,False
512,3.90625,0.1953125,7.6171875,0.0492,qwen3,ultrachat,hellaswag,softmax_only,gdn_only,0.8364,True,False
512,1.953125,0.1953125,3.90625,0.0494,falcon,gsm8k_train,hellaswag,mlp_only,ssm_plus_mlp,0.7904,True,False
512,-3.515625,-6.8359375,0.0,0.0502,qwen3,ultrachat,hellaswag,gdn_only,gdn_plus_mlp,0.8364,False,False
256,4.296875,0.0,8.59375,0.0506,falcon,codealpaca,gsm8k,attention_only,__base__,0.8602,False,False
512,-2.1484375,-4.296875,0.0,0.0522,falcon,gsm8k_train,hellaswag,ssm_only,attention_plus_mlp,0.7904,False,False
512,-2.1484375,-4.296875,0.0,0.055,falcon,gsm8k_train,mmlu,attention_only,ssm_only,1.0,False,False
299,2.341137123745819,0.0,4.682274247491638,0.056,falcon,gsm8k_train,arc_challenge,attention_only,attention_plus_mlp,0.9520000000000001,False,False
256,5.859375,0.0,11.71875,0.057,falcon,gsm8k_train,gsm8k,attention_only,__base__,1.0,False,False
512,-2.9296875,-5.859375,0.0,0.0572,qwen3,codealpaca,hellaswag,gdn_only,gdn_plus_mlp,1.0,False,False
512,2.1484375,0.0,4.296875,0.0578,falcon,ultrachat,hellaswag,attention_only,mlp_only,0.867,False,False
512,2.34375,0.0,4.6875,0.0582,falcon,codealpaca,hellaswag,attention_only,mlp_only,1.0,False,False
512,-1.7578125,-3.515625,0.0,0.0596,falcon,codealpaca,hellaswag,mlp_only,__base__,1.0,False,False
512,-2.1484375,-4.296875,0.0,0.0602,falcon,gsm8k_train,hellaswag,ssm_only,mlp_only,0.8428,False,False
299,-2.6755852842809364,-5.351170568561873,0.0,0.064,qwen3,gsm8k_train,arc_challenge,softmax_plus_mlp,__base__,1.0,False,False
512,1.953125,0.0,3.90625,0.0648,falcon,gsm8k_train,hellaswag,attention_plus_mlp,ssm_plus_mlp,0.8428,False,False
299,2.6755852842809364,0.0,5.351170568561873,0.0652,qwen3,gsm8k_train,arc_challenge,gdn_only,softmax_plus_mlp,1.0,False,False
299,-2.0066889632107023,-4.013377926421405,0.0,0.0668,falcon,gsm8k_train,arc_challenge,all_eligible,attention_only,1.0,False,False
299,1.6722408026755853,0.0,3.3444816053511706,0.068,falcon,gsm8k_train,arc_challenge,ssm_only,ssm_plus_mlp,1.0,False,False
299,2.0066889632107023,0.0,4.013377926421405,0.0682,falcon,gsm8k_train,arc_challenge,ssm_only,attention_plus_mlp,1.0,False,False
512,-2.1484375,-4.296875,0.0,0.0704,qwen3,gsm8k_train,mmlu,softmax_plus_mlp,gdn_plus_mlp,1.0,False,False
299,2.0066889632107023,0.0,4.013377926421405,0.071,falcon,gsm8k_train,arc_challenge,ssm_only,mlp_only,1.0,False,False
512,2.34375,0.0,4.8828125,0.0718,qwen3,codealpaca,mmlu,softmax_only,__base__,1.0,False,False
512,2.5390625,-0.1953125,5.2734375,0.0738,qwen3,gsm8k_train,hellaswag,mlp_only,gdn_plus_mlp,0.9594,False,False
512,1.7578125,0.0,3.7109375,0.074,falcon,ultrachat,mmlu,ssm_only,attention_plus_mlp,1.0,False,False
299,-2.341137123745819,-5.016722408026756,0.0,0.0752,qwen3,gsm8k_train,arc_challenge,mlp_only,__base__,1.0,False,False
512,-2.1484375,-4.4921875,0.1953125,0.0784,falcon,codealpaca,hellaswag,all_eligible,attention_only,1.0,False,False
164,-4.2682926829268295,-9.146341463414634,0.0,0.0792,qwen3,codealpaca,humaneval,softmax_only,gdn_only,1.0,False,False
512,-1.3671875,-2.9296875,0.0,0.0818,falcon,codealpaca,mmlu,attention_plus_mlp,ssm_plus_mlp,1.0,False,False
512,-2.5390625,-5.2734375,0.1953125,0.0826,qwen3,gsm8k_train,hellaswag,all_layers,mlp_only,0.9912000000000001,False,False
299,2.341137123745819,0.0,5.016722408026756,0.0834,qwen3,gsm8k_train,arc_challenge,gdn_only,mlp_only,1.0,False,False
512,-1.3671875,-2.9296875,0.0,0.0848,falcon,ultrachat,hellaswag,all_eligible,ssm_plus_mlp,1.0,False,False
512,-1.7578125,-3.7109375,0.1953125,0.0878,falcon,ultrachat,mmlu,attention_plus_mlp,__base__,1.0,False,False
299,2.341137123745819,0.0,5.016722408026756,0.0888,qwen3,ultrachat,arc_challenge,softmax_only,softmax_plus_mlp,1.0,False,False
512,-3.3203125,-7.03125,0.390625,0.0914,qwen3,ultrachat,hellaswag,gdn_only,mlp_only,1.0,False,False
512,3.125,-0.390625,6.640625,0.0956,qwen3,codealpaca,hellaswag,softmax_only,gdn_only,1.0,False,False
128,7.8125,-0.78125,16.40625,0.0958,qwen3,gsm8k_train,gsm8k,gdn_plus_mlp,__base__,1.0,False,False
256,3.90625,-0.78125,8.59375,0.1012,falcon,codealpaca,gsm8k,mlp_only,__base__,1.0,False,False
512,-1.7578125,-3.7109375,0.1953125,0.1012,falcon,gsm8k_train,hellaswag,all_eligible,attention_only,1.0,False,False
256,-5.078125,-11.328125,0.78125,0.102,qwen3,ultrachat,gsm8k,softmax_only,gdn_plus_mlp,1.0,False,False
512,1.7578125,-0.1953125,3.7109375,0.102,falcon,codealpaca,hellaswag,attention_only,attention_plus_mlp,1.0,False,False
512,-1.953125,-4.296875,0.1953125,0.1022,falcon,ultrachat,hellaswag,all_eligible,ssm_only,1.0,False,False
512,-3.3203125,-7.2265625,0.5859375,0.1048,qwen3,ultrachat,hellaswag,gdn_only,__base__,1.0,False,False
299,2.341137123745819,-0.33444816053511706,5.016722408026756,0.1048,falcon,gsm8k_train,arc_challenge,attention_only,mlp_only,1.0,False,False
512,1.953125,-0.390625,4.296875,0.1082,falcon,codealpaca,hellaswag,attention_only,ssm_plus_mlp,1.0,False,False
299,-2.6755852842809364,-5.68561872909699,0.33444816053511706,0.1116,qwen3,codealpaca,arc_challenge,softmax_only,mlp_only,1.0,False,False
512,2.734375,-0.5859375,5.859375,0.1122,qwen3,codealpaca,mmlu,softmax_only,gdn_plus_mlp,1.0,False,False
128,-7.03125,-15.625,1.5625,0.1126,qwen3,gsm8k_train,gsm8k,softmax_only,mlp_only,1.0,False,False
164,3.048780487804878,-0.6097560975609756,6.707317073170732,0.115,falcon,codealpaca,humaneval,ssm_only,ssm_plus_mlp,1.0,False,False
256,-3.125,-6.640625,0.390625,0.1164,falcon,ultrachat,gsm8k,mlp_only,ssm_plus_mlp,1.0,False,False
256,-3.125,-7.03125,0.78125,0.1174,falcon,ultrachat,gsm8k,mlp_only,attention_plus_mlp,1.0,False,False
299,-1.6722408026755853,-3.678929765886288,0.33444816053511706,0.1174,falcon,codealpaca,arc_challenge,all_eligible,__base__,1.0,False,False
512,-1.5625,-3.515625,0.1953125,0.1198,falcon,gsm8k_train,mmlu,attention_only,__base__,1.0,False,False
299,-1.6722408026755853,-3.678929765886288,0.0,0.1198,falcon,gsm8k_train,arc_challenge,all_eligible,ssm_only,1.0,False,False
512,1.953125,-0.390625,4.296875,0.1234,qwen3,gsm8k_train,mmlu,gdn_plus_mlp,__base__,1.0,False,False
512,-2.34375,-5.2734375,0.5859375,0.125,falcon,ultrachat,hellaswag,ssm_only,__base__,1.0,False,False
512,-2.9296875,-6.4453125,0.5859375,0.1254,qwen3,codealpaca,hellaswag,gdn_only,mlp_only,1.0,False,False
512,2.1484375,-0.5859375,4.8828125,0.1284,qwen3,ultrachat,hellaswag,softmax_only,softmax_plus_mlp,1.0,False,False
128,7.03125,-1.5625,15.625,0.1286,qwen3,gsm8k_train,gsm8k,all_layers,__base__,1.0,False,False
256,3.90625,-0.78125,8.59375,0.1308,falcon,codealpaca,gsm8k,all_eligible,mlp_only,1.0,False,False
512,-1.5625,-3.515625,0.390625,0.1342,falcon,codealpaca,hellaswag,all_eligible,__base__,1.0,False,False
256,4.6875,-1.171875,10.546875,0.1362,falcon,gsm8k_train,gsm8k,attention_only,mlp_only,1.0,False,False
512,1.5625,-0.390625,3.515625,0.137,falcon,gsm8k_train,hellaswag,attention_only,ssm_only,1.0,False,False
512,-1.5625,-3.515625,0.390625,0.1374,falcon,ultrachat,hellaswag,attention_only,__base__,1.0,False,False
128,-6.25,-14.0625,1.5625,0.1382,qwen3,gsm8k_train,gsm8k,gdn_only,gdn_plus_mlp,1.0,False,False
299,-1.6722408026755853,-4.013377926421405,0.33444816053511706,0.1504,falcon,codealpaca,arc_challenge,ssm_plus_mlp,__base__,1.0,False,False
512,-2.734375,-6.4453125,0.9765625,0.1504,qwen3,ultrachat,hellaswag,all_layers,softmax_plus_mlp,1.0,False,False
299,2.0066889632107023,-0.6688963210702341,4.682274247491638,0.153,qwen3,gsm8k_train,arc_challenge,gdn_only,gdn_plus_mlp,1.0,False,False
512,2.734375,-0.9765625,6.4453125,0.159,qwen3,codealpaca,mmlu,softmax_only,gdn_only,1.0,False,False
256,-3.515625,-8.203125,1.171875,0.1598,falcon,codealpaca,gsm8k,mlp_only,ssm_plus_mlp,1.0,False,False
299,2.0066889632107023,-0.6688963210702341,4.682274247491638,0.1614,falcon,gsm8k_train,arc_challenge,attention_only,ssm_plus_mlp,1.0,False,False
512,1.7578125,-0.5859375,4.1015625,0.1692,qwen3,ultrachat,mmlu,softmax_plus_mlp,__base__,1.0,False,False
256,-3.90625,-9.375,1.171875,0.1704,qwen3,codealpaca,gsm8k,gdn_only,gdn_plus_mlp,1.0,False,False
512,1.7578125,-0.5859375,4.1015625,0.1714,falcon,gsm8k_train,mmlu,ssm_only,mlp_only,1.0,False,False
512,2.1484375,-0.78125,5.078125,0.1716,qwen3,codealpaca,hellaswag,all_layers,softmax_plus_mlp,1.0,False,False
512,-1.7578125,-4.1015625,0.5859375,0.172,qwen3,gsm8k_train,mmlu,all_layers,softmax_only,1.0,False,False
512,1.3671875,-0.390625,3.125,0.175,falcon,gsm8k_train,hellaswag,attention_only,ssm_plus_mlp,1.0,False,False
299,-2.0066889632107023,-4.682274247491638,0.6688963210702341,0.1874,qwen3,ultrachat,arc_challenge,softmax_plus_mlp,gdn_plus_mlp,1.0,False,False
256,3.515625,-1.5625,8.59375,0.1938,falcon,ultrachat,gsm8k,ssm_only,mlp_only,1.0,False,False
164,3.048780487804878,-1.2195121951219512,7.317073170731707,0.1942,falcon,codealpaca,humaneval,attention_only,ssm_plus_mlp,1.0,False,False
299,-1.3377926421404682,-3.3444816053511706,0.33444816053511706,0.1972,falcon,codealpaca,arc_challenge,ssm_only,__base__,1.0,False,False
164,3.048780487804878,-1.2195121951219512,7.317073170731707,0.198,qwen3,codealpaca,humaneval,gdn_only,gdn_plus_mlp,1.0,False,False
299,1.3377926421404682,-0.33444816053511706,3.3444816053511706,0.1982,falcon,ultrachat,arc_challenge,ssm_only,mlp_only,1.0,False,False
299,-1.3377926421404682,-3.3444816053511706,0.33444816053511706,0.1984,falcon,gsm8k_train,arc_challenge,ssm_only,__base__,1.0,False,False
157,-2.547770700636943,-6.369426751592357,0.6369426751592357,0.1996,falcon,codealpaca,humaneval,all_eligible,ssm_only,1.0,False,False
256,3.515625,-1.5625,8.59375,0.1996,falcon,gsm8k_train,gsm8k,all_eligible,attention_plus_mlp,1.0,False,False
512,1.5625,-0.78125,3.90625,0.2006,falcon,ultrachat,hellaswag,ssm_only,attention_plus_mlp,1.0,False,False
164,-3.048780487804878,-7.317073170731707,1.2195121951219512,0.2008,qwen3,codealpaca,humaneval,softmax_only,softmax_plus_mlp,1.0,False,False
256,3.515625,-1.5625,8.984375,0.2068,falcon,codealpaca,gsm8k,all_eligible,attention_only,1.0,False,False
164,3.048780487804878,-1.2195121951219512,7.317073170731707,0.2068,qwen3,codealpaca,humaneval,gdn_only,mlp_only,1.0,False,False
299,-1.3377926421404682,-3.3444816053511706,0.33444816053511706,0.2088,falcon,ultrachat,arc_challenge,mlp_only,ssm_plus_mlp,1.0,False,False
256,-3.515625,-8.59375,1.5625,0.2088,qwen3,codealpaca,gsm8k,mlp_only,gdn_plus_mlp,1.0,False,False
299,1.3377926421404682,-0.33444816053511706,3.3444816053511706,0.2098,qwen3,ultrachat,arc_challenge,softmax_only,__base__,1.0,False,False
256,-3.90625,-9.375,1.953125,0.2102,qwen3,codealpaca,gsm8k,all_layers,gdn_plus_mlp,1.0,False,False
512,-1.171875,-2.9296875,0.390625,0.2148,falcon,codealpaca,hellaswag,all_eligible,ssm_only,1.0,False,False
512,-1.3671875,-3.3203125,0.5859375,0.2176,falcon,codealpaca,hellaswag,ssm_plus_mlp,__base__,1.0,False,False
128,-5.46875,-14.0625,2.34375,0.2188,qwen3,gsm8k_train,gsm8k,softmax_only,softmax_plus_mlp,1.0,False,False
299,-2.341137123745819,-6.0200668896321075,1.3377926421404682,0.2222,qwen3,codealpaca,arc_challenge,all_layers,mlp_only,1.0,False,False
512,1.7578125,-0.9765625,4.4921875,0.227,qwen3,gsm8k_train,hellaswag,gdn_only,gdn_plus_mlp,1.0,False,False
299,-1.0033444816053512,-2.6755852842809364,0.33444816053511706,0.2286,falcon,ultrachat,arc_challenge,all_eligible,ssm_only,1.0,False,False
512,1.171875,-0.5859375,2.9296875,0.2288,falcon,codealpaca,mmlu,ssm_only,attention_plus_mlp,1.0,False,False
512,-1.7578125,-4.4921875,0.9765625,0.2292,qwen3,gsm8k_train,hellaswag,all_layers,gdn_only,1.0,False,False
512,1.7578125,-0.9765625,4.4921875,0.2294,qwen3,gsm8k_train,hellaswag,all_layers,softmax_plus_mlp,1.0,False,False
512,-1.7578125,-4.4921875,0.9765625,0.2316,qwen3,gsm8k_train,hellaswag,softmax_plus_mlp,gdn_plus_mlp,1.0,False,False
512,-1.7578125,-4.4921875,0.9765625,0.2318,qwen3,gsm8k_train,hellaswag,softmax_only,softmax_plus_mlp,1.0,False,False
256,-3.125,-7.8125,1.5625,0.232,falcon,ultrachat,gsm8k,attention_only,attention_plus_mlp,1.0,False,False
512,1.7578125,-0.9765625,4.4921875,0.234,qwen3,codealpaca,mmlu,mlp_only,gdn_plus_mlp,1.0,False,False
256,3.90625,-2.34375,9.765625,0.2342,falcon,gsm8k_train,gsm8k,ssm_plus_mlp,__base__,1.0,False,False
299,2.0066889632107023,-1.0033444816053512,5.016722408026756,0.2344,qwen3,gsm8k_train,arc_challenge,all_layers,softmax_only,1.0,False,False
256,3.90625,-2.34375,10.15625,0.2388,falcon,gsm8k_train,gsm8k,attention_only,ssm_only,1.0,False,False
512,0.9765625,-0.390625,2.5390625,0.2396,falcon,ultrachat,mmlu,ssm_only,ssm_plus_mlp,1.0,False,False
299,2.0066889632107023,-1.0033444816053512,5.016722408026756,0.2412,qwen3,gsm8k_train,arc_challenge,softmax_only,softmax_plus_mlp,1.0,False,False
299,-2.0066889632107023,-5.016722408026756,1.0033444816053512,0.2414,qwen3,gsm8k_train,arc_challenge,gdn_plus_mlp,__base__,1.0,False,False
512,-1.7578125,-4.497070312499996,0.9765625,0.242,qwen3,gsm8k_train,hellaswag,softmax_only,__base__,1.0,False,False
256,-3.125,-8.203125,1.953125,0.2432,falcon,codealpaca,gsm8k,attention_only,ssm_plus_mlp,1.0,False,False
299,-1.0033444816053512,-2.6755852842809364,0.33444816053511706,0.2452,falcon,ultrachat,arc_challenge,all_eligible,ssm_plus_mlp,1.0,False,False
164,2.4390243902439024,-1.2195121951219512,6.097560975609756,0.247,falcon,codealpaca,humaneval,attention_only,attention_plus_mlp,1.0,False,False
256,-2.734375,-7.421875,1.5625,0.2474,falcon,gsm8k_train,gsm8k,mlp_only,ssm_plus_mlp,1.0,False,False
299,2.341137123745819,-1.3377926421404682,6.354515050167224,0.2492,qwen3,codealpaca,arc_challenge,mlp_only,gdn_plus_mlp,1.0,False,False
512,1.3671875,-0.78125,3.515625,0.251,falcon,codealpaca,hellaswag,ssm_only,mlp_only,1.0,False,False
256,3.125,-1.953125,8.203125,0.2512,falcon,gsm8k_train,gsm8k,ssm_only,attention_plus_mlp,1.0,False,False
512,1.3671875,-0.78125,3.515625,0.2514,falcon,gsm8k_train,mmlu,ssm_only,attention_plus_mlp,1.0,False,False
256,-3.515625,-8.984375,1.953125,0.2514,qwen3,ultrachat,gsm8k,gdn_only,mlp_only,1.0,False,False
299,-1.3377926421404682,-3.3444816053511706,0.6688963210702341,0.2524,falcon,codealpaca,arc_challenge,attention_plus_mlp,__base__,1.0,False,False
512,-1.5625,-4.1015625,0.9765625,0.2546,qwen3,gsm8k_train,mmlu,all_layers,gdn_only,1.0,False,False
164,2.4390243902439024,-1.2195121951219512,6.097560975609756,0.255,falcon,codealpaca,humaneval,ssm_only,attention_plus_mlp,1.0,False,False
128,-7.03125,-18.75,4.6875,0.2604,qwen3,ultrachat,gsm8k,all_layers,__base__,1.0,False,False
256,-3.515625,-9.375,2.34375,0.2614,qwen3,ultrachat,gsm8k,all_layers,mlp_only,1.0,False,False
512,-1.953125,-5.2734375,1.176757812499929,0.2622,qwen3,codealpaca,mmlu,all_layers,softmax_only,1.0,False,False
256,-3.125,-8.203125,2.34375,0.2654,falcon,ultrachat,gsm8k,attention_only,ssm_plus_mlp,1.0,False,False
512,1.7578125,-1.171875,4.6875,0.2656,qwen3,gsm8k_train,hellaswag,gdn_plus_mlp,__base__,1.0,False,False
299,1.6722408026755853,-1.0033444816053512,4.3478260869565215,0.2662,qwen3,codealpaca,arc_challenge,mlp_only,softmax_plus_mlp,1.0,False,False
256,2.34375,-1.5625,6.25,0.267,falcon,gsm8k_train,gsm8k,mlp_only,attention_plus_mlp,1.0,False,False
512,1.5625,-0.9765625,4.1015625,0.2684,qwen3,ultrachat,hellaswag,mlp_only,softmax_plus_mlp,1.0,False,False
512,-1.171875,-3.125,0.78125,0.2702,falcon,codealpaca,hellaswag,attention_plus_mlp,__base__,1.0,False,False
512,1.7578125,-1.171875,4.6875,0.2718,qwen3,gsm8k_train,hellaswag,all_layers,__base__,1.0,False,False
512,1.5625,-0.9765625,4.296875,0.272,qwen3,codealpaca,hellaswag,softmax_only,softmax_plus_mlp,1.0,False,False
256,-3.125,-8.203125,1.953125,0.2722,qwen3,ultrachat,gsm8k,softmax_plus_mlp,gdn_plus_mlp,1.0,False,False
256,2.734375,-1.953125,7.421875,0.275,falcon,codealpaca,gsm8k,all_eligible,attention_plus_mlp,1.0,False,False
256,-3.515625,-9.375,2.34375,0.2768,falcon,gsm8k_train,gsm8k,all_eligible,attention_only,1.0,False,False
512,1.3671875,-0.9765625,3.7109375,0.2788,falcon,ultrachat,hellaswag,attention_only,ssm_plus_mlp,1.0,False,False
256,2.34375,-1.5625,6.25,0.2814,falcon,codealpaca,gsm8k,all_eligible,ssm_only,1.0,False,False
512,-1.3671875,-3.7109375,0.9765625,0.2818,falcon,gsm8k_train,mmlu,attention_only,ssm_plus_mlp,1.0,False,False
512,-1.171875,-3.125,0.78125,0.283,falcon,codealpaca,mmlu,attention_plus_mlp,__base__,1.0,False,False
512,1.3671875,-0.9765625,3.90625,0.285,falcon,ultrachat,hellaswag,ssm_only,mlp_only,1.0,False,False
512,1.3671875,-0.9765625,3.7109375,0.285,qwen3,codealpaca,hellaswag,mlp_only,softmax_plus_mlp,1.0,False,False
256,-3.515625,-9.765625,2.734375,0.2866,falcon,ultrachat,gsm8k,attention_only,ssm_only,1.0,False,False
512,1.3671875,-0.9765625,3.7109375,0.2868,falcon,gsm8k_train,mmlu,all_eligible,attention_only,1.0,False,False
512,-1.953125,-5.46875,1.5625,0.2892,qwen3,codealpaca,hellaswag,gdn_only,__base__,1.0,False,False
128,5.46875,-3.90625,14.84375,0.2892,qwen3,gsm8k_train,gsm8k,all_layers,gdn_only,1.0,False,False
512,1.3671875,-0.9765625,3.7109375,0.2904,qwen3,codealpaca,mmlu,mlp_only,__base__,1.0,False,False
512,-0.9765625,-2.734375,0.78125,0.2952,falcon,ultrachat,mmlu,attention_only,__base__,1.0,False,False
512,-0.9765625,-2.734375,0.5859375,0.2976,falcon,ultrachat,hellaswag,attention_plus_mlp,ssm_plus_mlp,1.0,False,False
299,-1.6722408026755853,-4.682274247491638,1.0033444816053512,0.298,falcon,ultrachat,arc_challenge,mlp_only,__base__,1.0,False,False
512,-1.3671875,-3.7109375,0.9765625,0.2984,qwen3,gsm8k_train,mmlu,gdn_only,gdn_plus_mlp,1.0,False,False
299,1.6722408026755853,-1.0033444816053512,4.682274247491638,0.2998,qwen3,gsm8k_train,arc_challenge,softmax_only,mlp_only,1.0,False,False
256,-3.125,-8.59375,2.34375,0.3008,qwen3,codealpaca,gsm8k,softmax_only,gdn_plus_mlp,1.0,False,False
299,-1.3377926421404682,-3.678929765886288,1.0033444816053512,0.3052,falcon,codealpaca,arc_challenge,all_eligible,attention_only,1.0,False,False
512,-1.7578125,-5.078125,1.3671875,0.3084,qwen3,ultrachat,hellaswag,softmax_plus_mlp,gdn_plus_mlp,1.0,False,False
512,-1.171875,-3.3203125,0.9765625,0.312,qwen3,ultrachat,mmlu,softmax_only,softmax_plus_mlp,1.0,False,False
512,1.5625,-1.171875,4.4921875,0.3136,qwen3,codealpaca,mmlu,softmax_plus_mlp,gdn_plus_mlp,1.0,False,False
256,-2.34375,-6.640625,1.953125,0.3212,falcon,codealpaca,gsm8k,attention_plus_mlp,ssm_plus_mlp,1.0,False,False
256,-2.734375,-7.8125,2.34375,0.322,qwen3,ultrachat,gsm8k,all_layers,softmax_plus_mlp,1.0,False,False
512,1.7578125,-1.5625,5.078125,0.3264,qwen3,codealpaca,hellaswag,all_layers,__base__,1.0,False,False
128,-6.25,-17.96875,6.25,0.3298,qwen3,codealpaca,gsm8k,softmax_only,__base__,1.0,False,False
512,-1.171875,-3.3203125,0.9765625,0.3316,qwen3,gsm8k_train,mmlu,softmax_only,gdn_plus_mlp,1.0,False,False
256,-2.734375,-8.203125,2.34375,0.332,qwen3,ultrachat,gsm8k,softmax_only,mlp_only,1.0,False,False
512,0.9765625,-0.78125,2.9296875,0.333,falcon,ultrachat,mmlu,all_eligible,attention_plus_mlp,1.0,False,False
157,-2.547770700636943,-7.643312101910828,1.910828025477707,0.3338,falcon,codealpaca,humaneval,all_eligible,attention_only,1.0,False,False
128,-4.6875,-13.28125,3.90625,0.3338,qwen3,gsm8k_train,gsm8k,softmax_plus_mlp,gdn_plus_mlp,1.0,False,False
512,0.9765625,-0.78125,2.734375,0.3364,falcon,codealpaca,mmlu,all_eligible,attention_plus_mlp,1.0,False,False
299,1.3377926421404682,-1.0033444816053512,3.678929765886288,0.3396,falcon,codealpaca,arc_challenge,attention_only,ssm_plus_mlp,1.0,False,False
512,1.3671875,-1.171875,3.90625,0.3402,qwen3,gsm8k_train,mmlu,softmax_only,mlp_only,1.0,False,False
256,2.734375,-2.34375,7.8125,0.3404,falcon,ultrachat,gsm8k,all_eligible,mlp_only,1.0,False,False
512,1.171875,-0.9765625,3.515625,0.3412,qwen3,gsm8k_train,mmlu,gdn_only,mlp_only,1.0,False,False
299,-1.3377926421404682,-3.678929765886288,1.0033444816053512,0.3416,qwen3,codealpaca,arc_challenge,softmax_only,__base__,1.0,False,False
512,-1.7578125,-5.2734375,1.7578125,0.3434,qwen3,codealpaca,mmlu,gdn_only,mlp_only,1.0,False,False
256,-1.953125,-5.46875,1.5625,0.344,falcon,codealpaca,gsm8k,ssm_only,ssm_plus_mlp,1.0,False,False
512,0.78125,-0.5859375,2.1484375,0.3446,falcon,ultrachat,mmlu,mlp_only,attention_plus_mlp,1.0,False,False
512,-0.9765625,-2.7392578124999956,0.78125,0.3448,falcon,gsm8k_train,mmlu,mlp_only,ssm_plus_mlp,1.0,False,False
512,0.9765625,-0.78125,2.9296875,0.3484,falcon,ultrachat,mmlu,ssm_only,mlp_only,1.0,False,False
256,-2.734375,-8.203125,2.734375,0.3492,qwen3,ultrachat,gsm8k,gdn_only,softmax_plus_mlp,1.0,False,False
512,-0.78125,-2.1484375,0.5859375,0.3516,falcon,codealpaca,mmlu,mlp_only,ssm_plus_mlp,1.0,False,False
299,1.3377926421404682,-1.0033444816053512,3.678929765886288,0.3518,qwen3,ultrachat,arc_challenge,mlp_only,__base__,1.0,False,False
128,4.6875,-4.6875,14.0625,0.352,qwen3,gsm8k_train,gsm8k,mlp_only,__base__,1.0,False,False
512,-1.171875,-3.3203125,0.9765625,0.3562,falcon,gsm8k_train,mmlu,mlp_only,__base__,1.0,False,False
299,1.3377926421404682,-1.3377926421404682,4.013377926421405,0.3686,qwen3,codealpaca,arc_challenge,gdn_only,gdn_plus_mlp,1.0,False,False
512,-0.78125,-2.34375,0.78125,0.3714,falcon,ultrachat,hellaswag,mlp_only,ssm_plus_mlp,1.0,False,False
512,-1.7578125,-5.46875,1.953125,0.372,qwen3,ultrachat,hellaswag,gdn_only,softmax_plus_mlp,1.0,False,False
512,0.9765625,-0.9765625,2.9296875,0.373,falcon,codealpaca,hellaswag,ssm_only,ssm_plus_mlp,1.0,False,False
164,2.4390243902439024,-2.4390243902439024,7.317073170731707,0.3772,qwen3,codealpaca,humaneval,all_layers,softmax_only,1.0,False,False
128,3.90625,-3.90625,11.71875,0.3776,qwen3,gsm8k_train,gsm8k,all_layers,softmax_plus_mlp,1.0,False,False
299,1.3377926421404682,-1.3377926421404682,4.013377926421405,0.3786,qwen3,gsm8k_train,arc_challenge,all_layers,__base__,1.0,False,False
512,-0.9765625,-2.9296875,0.9765625,0.3788,falcon,gsm8k_train,hellaswag,attention_only,__base__,1.0,False,False
299,1.3377926421404682,-1.3377926421404682,4.013377926421405,0.3816,qwen3,codealpaca,arc_challenge,mlp_only,__base__,1.0,False,False
256,2.734375,-2.734375,8.59375,0.3818,falcon,ultrachat,gsm8k,all_eligible,attention_only,1.0,False,False
256,-2.734375,-8.59375,2.734375,0.3832,qwen3,codealpaca,gsm8k,softmax_plus_mlp,gdn_plus_mlp,1.0,False,False
164,1.8292682926829267,-1.8292682926829267,5.487804878048781,0.385,falcon,codealpaca,humaneval,ssm_only,mlp_only,1.0,False,False
512,-1.5625,-4.8828125,1.5625,0.3884,qwen3,ultrachat,hellaswag,softmax_plus_mlp,__base__,1.0,False,False
512,-1.5625,-4.8828125,1.7578125,0.3896,qwen3,codealpaca,hellaswag,gdn_only,softmax_plus_mlp,1.0,False,False
512,-0.9765625,-3.125,0.9765625,0.3966,falcon,ultrachat,mmlu,mlp_only,__base__,1.0,False,False
512,-0.9765625,-3.125,0.9765625,0.3972,falcon,ultrachat,mmlu,attention_only,ssm_only,1.0,False,False
299,-1.3377926421404682,-4.013377926421405,1.3377926421404682,0.3986,falcon,ultrachat,arc_challenge,attention_plus_mlp,__base__,1.0,False,False
299,-1.0033444816053512,-3.0100334448160537,1.0033444816053512,0.3992,falcon,gsm8k_train,arc_challenge,attention_only,__base__,1.0,False,False
299,1.0033444816053512,-1.0033444816053512,3.0100334448160537,0.4008,falcon,codealpaca,arc_challenge,attention_only,attention_plus_mlp,1.0,False,False
512,1.171875,-1.3671875,3.7109375,0.4022,qwen3,codealpaca,hellaswag,softmax_only,__base__,1.0,False,False
299,1.3377926421404682,-1.3377926421404682,4.013377926421405,0.4024,qwen3,gsm8k_train,arc_challenge,all_layers,gdn_only,1.0,False,False
512,-1.3671875,-4.4921875,1.5625,0.4092,qwen3,ultrachat,mmlu,all_layers,softmax_plus_mlp,1.0,False,False
128,-5.46875,-17.96875,6.25,0.4098,qwen3,ultrachat,gsm8k,gdn_only,__base__,1.0,False,False
512,1.3671875,-1.5673828124999956,4.296875,0.4106,qwen3,ultrachat,mmlu,softmax_plus_mlp,gdn_plus_mlp,1.0,False,False
512,-1.3671875,-4.4921875,1.5625,0.4136,qwen3,codealpaca,hellaswag,softmax_plus_mlp,gdn_plus_mlp,1.0,False,False
512,0.9765625,-0.9765625,3.125,0.4178,falcon,gsm8k_train,mmlu,all_eligible,mlp_only,1.0,False,False
128,-3.90625,-12.5,4.6875,0.4194,qwen3,gsm8k_train,gsm8k,softmax_only,gdn_only,1.0,False,False
512,-0.78125,-2.5390625,0.9765625,0.4266,falcon,ultrachat,mmlu,all_eligible,ssm_only,1.0,False,False
512,1.171875,-1.3671875,3.7109375,0.4274,qwen3,codealpaca,mmlu,softmax_plus_mlp,__base__,1.0,False,False
512,-0.78125,-2.5390625,0.9765625,0.4274,falcon,ultrachat,mmlu,attention_plus_mlp,ssm_plus_mlp,1.0,False,False
256,-1.953125,-6.25,2.34375,0.4366,falcon,gsm8k_train,gsm8k,ssm_only,ssm_plus_mlp,1.0,False,False
512,0.9765625,-1.171875,3.125,0.4376,qwen3,ultrachat,mmlu,mlp_only,__base__,1.0,False,False
299,1.0033444816053512,-1.0033444816053512,3.3444816053511706,0.4392,falcon,ultrachat,arc_challenge,ssm_only,attention_plus_mlp,1.0,False,False
299,-1.0033444816053512,-3.3444816053511706,1.0033444816053512,0.4412,falcon,codealpaca,arc_challenge,mlp_only,__base__,1.0,False,False
512,-1.5625,-5.46875,2.1484375,0.4426,qwen3,codealpaca,mmlu,gdn_only,softmax_plus_mlp,1.0,False,False
512,0.9765625,-1.171875,3.125,0.4426,qwen3,gsm8k_train,mmlu,softmax_only,softmax_plus_mlp,1.0,False,False
299,-1.0033444816053512,-3.3444816053511706,1.0033444816053512,0.4448,falcon,ultrachat,arc_challenge,attention_plus_mlp,ssm_plus_mlp,1.0,False,False
164,-1.8292682926829267,-6.097560975609756,1.8292682926829267,0.446,qwen3,codealpaca,humaneval,mlp_only,softmax_plus_mlp,1.0,False,False
299,-1.3377926421404682,-4.3478260869565215,1.6722408026755853,0.4482,falcon,ultrachat,arc_challenge,all_eligible,__base__,1.0,False,False
512,0.78125,-0.9765625,2.5390625,0.4484,falcon,codealpaca,mmlu,attention_only,attention_plus_mlp,1.0,False,False
512,0.5859375,-0.5859375,1.953125,0.4496,falcon,codealpaca,mmlu,mlp_only,attention_plus_mlp,1.0,False,False
512,1.171875,-1.5625,3.90625,0.4496,qwen3,codealpaca,mmlu,softmax_only,softmax_plus_mlp,1.0,False,False
512,-0.9765625,-3.125,1.3671875,0.452,qwen3,gsm8k_train,mmlu,all_layers,__base__,1.0,False,False
512,-0.9765625,-3.3203125,1.3671875,0.453,falcon,ultrachat,mmlu,ssm_plus_mlp,__base__,1.0,False,False
256,-2.34375,-7.8125,3.125,0.4542,qwen3,ultrachat,gsm8k,mlp_only,gdn_plus_mlp,1.0,False,False
512,0.9765625,-1.1767578124999956,3.125,0.4544,falcon,codealpaca,hellaswag,attention_only,ssm_only,1.0,False,False
164,1.2195121951219512,-1.2195121951219512,3.6585365853658534,0.455,falcon,codealpaca,humaneval,mlp_only,ssm_plus_mlp,1.0,False,False
299,-1.6722408026755853,-5.351170568561873,2.341137123745819,0.4616,qwen3,codealpaca,arc_challenge,softmax_only,gdn_only,1.0,False,False
299,-1.3377926421404682,-4.682274247491638,1.6722408026755853,0.4654,qwen3,ultrachat,arc_challenge,gdn_only,mlp_only,1.0,False,False
299,1.3377926421404682,-2.0066889632107023,4.682274247491638,0.4672,qwen3,gsm8k_train,arc_challenge,softmax_only,gdn_plus_mlp,1.0,False,False
299,1.3377926421404682,-2.0066889632107023,4.682274247491638,0.4716,qwen3,ultrachat,arc_challenge,softmax_only,gdn_only,1.0,False,False
299,-1.3377926421404682,-4.682274247491638,1.6722408026755853,0.4736,qwen3,ultrachat,arc_challenge,all_layers,mlp_only,1.0,False,False
512,0.9765625,-1.3671875,3.3203125,0.476,qwen3,codealpaca,hellaswag,mlp_only,__base__,1.0,False,False
164,1.8292682926829267,-2.4390243902439024,6.097560975609756,0.4766,falcon,codealpaca,humaneval,attention_only,mlp_only,1.0,False,False
299,-1.3377926421404682,-4.682274247491638,1.6806020066888416,0.4772,qwen3,codealpaca,arc_challenge,all_layers,gdn_only,1.0,False,False
512,-0.5859375,-1.953125,0.5859375,0.4784,falcon,codealpaca,hellaswag,mlp_only,attention_plus_mlp,1.0,False,False
512,0.78125,-1.171875,2.734375,0.4784,falcon,ultrachat,mmlu,attention_only,attention_plus_mlp,1.0,False,False
299,1.0033444816053512,-1.3377926421404682,3.3444816053511706,0.4818,falcon,codealpaca,arc_challenge,attention_only,ssm_only,1.0,False,False
128,-3.125,-10.9375,4.6875,0.4844,qwen3,gsm8k_train,gsm8k,gdn_only,mlp_only,1.0,False,False
128,-3.125,-10.9375,4.6875,0.4882,qwen3,gsm8k_train,gsm8k,mlp_only,gdn_plus_mlp,1.0,False,False
512,0.78125,-1.171875,2.734375,0.4908,falcon,gsm8k_train,mmlu,ssm_only,ssm_plus_mlp,1.0,False,False
256,2.34375,-3.90625,8.203125,0.4926,falcon,gsm8k_train,gsm8k,all_eligible,__base__,1.0,False,False
512,0.78125,-1.171875,2.734375,0.4932,falcon,codealpaca,hellaswag,ssm_only,attention_plus_mlp,1.0,False,False
299,1.0033444816053512,-1.3377926421404682,3.3444816053511706,0.4952,falcon,ultrachat,arc_challenge,attention_only,mlp_only,1.0,False,False
512,-0.5859375,-1.953125,0.78125,0.4966,falcon,ultrachat,hellaswag,all_eligible,mlp_only,1.0,False,False
512,0.9765625,-1.5625,3.7109375,0.5026,qwen3,codealpaca,mmlu,softmax_only,mlp_only,1.0,False,False
256,-1.953125,-7.421875,3.125,0.511,qwen3,ultrachat,gsm8k,softmax_only,softmax_plus_mlp,1.0,False,False
256,-1.5625,-5.859375,2.34375,0.5136,falcon,gsm8k_train,gsm8k,all_eligible,ssm_plus_mlp,1.0,False,False
164,1.8292682926829267,-2.4390243902439024,6.112804878048558,0.5148,qwen3,codealpaca,humaneval,softmax_plus_mlp,gdn_plus_mlp,1.0,False,False
512,-0.78125,-2.734375,1.171875,0.5178,falcon,gsm8k_train,mmlu,attention_plus_mlp,__base__,1.0,False,False
512,-0.78125,-2.9296875,1.3671875,0.5198,qwen3,ultrachat,mmlu,mlp_only,softmax_plus_mlp,1.0,False,False
299,-1.3377926421404682,-5.016722408026756,2.341137123745819,0.5208,qwen3,ultrachat,arc_challenge,all_layers,softmax_only,1.0,False,False
299,-1.0033444816053512,-3.678929765886288,1.6722408026755853,0.5268,qwen3,ultrachat,arc_challenge,softmax_plus_mlp,__base__,1.0,False,False
512,-0.78125,-2.9296875,1.3671875,0.5278,falcon,ultrachat,mmlu,all_eligible,__base__,1.0,False,False
512,0.78125,-1.3671875,2.9296875,0.5282,qwen3,gsm8k_train,mmlu,softmax_only,__base__,1.0,False,False
512,-0.78125,-2.9296875,1.3671875,0.5326,qwen3,gsm8k_train,mmlu,all_layers,softmax_plus_mlp,1.0,False,False
512,-0.5859375,-2.1484375,0.9765625,0.5344,falcon,gsm8k_train,mmlu,attention_plus_mlp,ssm_plus_mlp,1.0,False,False
256,-1.171875,-3.90625,1.953125,0.539,falcon,codealpaca,gsm8k,mlp_only,attention_plus_mlp,1.0,False,False
299,1.0033444816053512,-1.6722408026755853,3.678929765886288,0.5408,qwen3,ultrachat,arc_challenge,gdn_only,softmax_plus_mlp,1.0,False,False
512,0.78125,-1.5625,3.125,0.5522,qwen3,codealpaca,mmlu,all_layers,gdn_plus_mlp,1.0,False,False
128,-3.90625,-16.40625,7.8125,0.5528,qwen3,codealpaca,gsm8k,gdn_only,__base__,1.0,False,False
512,-0.78125,-3.125,1.5625,0.5544,falcon,gsm8k_train,mmlu,attention_only,attention_plus_mlp,1.0,False,False
128,3.125,-5.46875,12.5,0.5564,qwen3,gsm8k_train,gsm8k,softmax_plus_mlp,__base__,1.0,False,False
164,-1.8292682926829267,-7.317073170731707,3.6585365853658534,0.5616,qwen3,codealpaca,humaneval,all_layers,gdn_only,1.0,False,False
512,0.5859375,-0.9765625,2.34375,0.562,falcon,codealpaca,mmlu,ssm_only,mlp_only,1.0,False,False
512,-1.171875,-4.6875,2.34375,0.564,qwen3,ultrachat,mmlu,gdn_only,softmax_plus_mlp,1.0,False,False
299,-1.0033444816053512,-4.013377926421405,1.6722408026755853,0.568,qwen3,ultrachat,arc_challenge,gdn_only,gdn_plus_mlp,1.0,False,False
512,-0.78125,-3.125,1.5625,0.5706,falcon,gsm8k_train,mmlu,all_eligible,ssm_only,1.0,False,False
512,-0.9765625,-3.90625,1.953125,0.5746,qwen3,codealpaca,mmlu,all_layers,mlp_only,1.0,False,False
299,1.0033444816053512,-2.0066889632107023,4.013377926421405,0.5748,qwen3,ultrachat,arc_challenge,all_layers,softmax_plus_mlp,1.0,False,False
256,1.953125,-4.296875,8.203125,0.5774,falcon,gsm8k_train,gsm8k,attention_only,ssm_plus_mlp,1.0,False,False
256,1.953125,-4.296875,8.203125,0.5804,falcon,gsm8k_train,gsm8k,ssm_only,__base__,1.0,False,False
299,-1.0033444816053512,-4.013377926421405,2.0066889632107023,0.592,qwen3,ultrachat,arc_challenge,all_layers,gdn_plus_mlp,1.0,False,False
512,-0.390625,-1.5625,0.5859375,0.5972,falcon,gsm8k_train,hellaswag,all_eligible,ssm_plus_mlp,1.0,False,False
128,2.34375,-4.6875,9.375,0.598,qwen3,gsm8k_train,gsm8k,all_layers,mlp_only,1.0,False,False
256,1.5625,-3.515625,6.640625,0.5994,falcon,codealpaca,gsm8k,ssm_only,mlp_only,1.0,False,False
512,-0.5859375,-2.34375,1.171875,0.6018,falcon,codealpaca,mmlu,mlp_only,__base__,1.0,False,False
512,0.78125,-1.7578125,3.3203125,0.6024,falcon,ultrachat,hellaswag,attention_only,ssm_only,1.0,False,False
512,0.5859375,-1.171875,2.34375,0.6086,falcon,gsm8k_train,mmlu,all_eligible,attention_plus_mlp,1.0,False,False
512,0.9765625,-2.34375,4.296875,0.611,qwen3,codealpaca,hellaswag,gdn_plus_mlp,__base__,1.0,False,False
512,0.78125,-1.7578125,3.3203125,0.611,qwen3,gsm8k_train,mmlu,gdn_only,softmax_plus_mlp,1.0,False,False
512,0.78125,-1.953125,3.7109375,0.6132,qwen3,codealpaca,mmlu,all_layers,gdn_only,1.0,False,False
512,-0.78125,-3.3203125,1.7578125,0.6166,qwen3,gsm8k_train,hellaswag,gdn_only,mlp_only,1.0,False,False
512,-0.5859375,-2.5390625,1.3671875,0.6188,falcon,gsm8k_train,hellaswag,attention_only,attention_plus_mlp,1.0,False,False
128,-2.34375,-10.15625,5.46875,0.6208,qwen3,gsm8k_train,gsm8k,softmax_only,__base__,1.0,False,False
299,-0.6688963210702341,-2.6755852842809364,1.3377926421404682,0.6228,falcon,ultrachat,arc_challenge,attention_only,__base__,1.0,False,False
299,0.6688963210702341,-1.3377926421404682,2.6755852842809364,0.623,falcon,codealpaca,arc_challenge,mlp_only,ssm_plus_mlp,1.0,False,False
299,-1.0033444816053512,-4.013377926421405,2.341137123745819,0.6242,qwen3,codealpaca,arc_challenge,softmax_only,softmax_plus_mlp,1.0,False,False
512,-0.5859375,-2.5390625,1.3671875,0.6248,falcon,codealpaca,mmlu,attention_only,ssm_plus_mlp,1.0,False,False
512,-0.5859375,-2.5390625,1.3671875,0.625,falcon,gsm8k_train,hellaswag,attention_only,mlp_only,1.0,False,False
512,0.78125,-1.953125,3.515625,0.6262,qwen3,codealpaca,hellaswag,all_layers,gdn_plus_mlp,1.0,False,False
164,-1.2195121951219512,-4.878048780487805,2.4390243902439024,0.6282,qwen3,codealpaca,humaneval,softmax_only,mlp_only,1.0,False,False
299,1.0033444816053512,-2.341137123745819,4.3478260869565215,0.6292,qwen3,ultrachat,arc_challenge,gdn_plus_mlp,__base__,1.0,False,False
512,-0.390625,-1.5625,0.78125,0.6334,falcon,ultrachat,hellaswag,all_eligible,attention_plus_mlp,1.0,False,False
299,0.6688963210702341,-1.3377926421404682,2.6755852842809364,0.635,falcon,codealpaca,arc_challenge,attention_only,mlp_only,1.0,False,False
512,0.5859375,-1.3671875,2.734375,0.6388,falcon,gsm8k_train,mmlu,ssm_only,__base__,1.0,False,False
299,-1.0033444816053512,-4.682274247491638,2.6755852842809364,0.6396,qwen3,codealpaca,arc_challenge,all_layers,__base__,1.0,False,False
512,-0.9765625,-4.8828125,2.734375,0.644,qwen3,ultrachat,hellaswag,all_layers,gdn_only,1.0,False,False
512,0.78125,-2.1484375,3.7109375,0.646,qwen3,codealpaca,hellaswag,all_layers,mlp_only,1.0,False,False
299,-1.0033444816053512,-4.682274247491638,2.6755852842809364,0.6498,qwen3,codealpaca,arc_challenge,gdn_plus_mlp,__base__,1.0,False,False
128,-3.125,-15.625,10.15625,0.6544,qwen3,ultrachat,gsm8k,softmax_only,__base__,1.0,False,False
512,-0.78125,-3.7109375,2.34375,0.6592,qwen3,codealpaca,mmlu,all_layers,softmax_plus_mlp,1.0,False,False
299,-1.0033444816053512,-5.016722408026756,3.0100334448160537,0.6606,qwen3,codealpaca,arc_challenge,gdn_only,mlp_only,1.0,False,False
512,0.5859375,-1.5625,2.734375,0.6614,falcon,ultrachat,hellaswag,ssm_only,ssm_plus_mlp,1.0,False,False
256,1.171875,-3.125,5.46875,0.6626,falcon,gsm8k_train,gsm8k,all_eligible,mlp_only,1.0,False,False
512,0.5859375,-1.5625,2.734375,0.6638,falcon,codealpaca,hellaswag,attention_only,__base__,1.0,False,False
512,-0.5859375,-2.7392578124999956,1.7578125,0.665,qwen3,gsm8k_train,mmlu,mlp_only,__base__,1.0,False,False
256,-1.171875,-5.859375,3.515625,0.6688,falcon,codealpaca,gsm8k,attention_only,ssm_only,1.0,False,False
512,-0.390625,-1.7578125,0.9765625,0.6716,falcon,gsm8k_train,mmlu,mlp_only,attention_plus_mlp,1.0,False,False
512,0.5859375,-1.7578125,2.9296875,0.676,qwen3,ultrachat,mmlu,softmax_only,__base__,1.0,False,False
299,0.6688963210702341,-1.3377926421404682,3.0100334448160537,0.6774,falcon,ultrachat,arc_challenge,attention_only,attention_plus_mlp,1.0,False,False
512,-0.390625,-1.7578125,0.9765625,0.6786,falcon,codealpaca,hellaswag,mlp_only,ssm_plus_mlp,1.0,False,False
299,-0.6688963210702341,-3.0100334448160537,1.6722408026755853,0.688,falcon,codealpaca,arc_challenge,all_eligible,mlp_only,1.0,False,False
299,-0.6688963210702341,-3.3444816053511706,1.6722408026755853,0.6884,qwen3,gsm8k_train,arc_challenge,softmax_only,__base__,1.0,False,False
512,-0.390625,-1.7578125,0.9765625,0.6894,falcon,codealpaca,hellaswag,all_eligible,attention_plus_mlp,1.0,False,False
512,-0.390625,-1.953125,0.9765625,0.6894,falcon,codealpaca,mmlu,all_eligible,ssm_plus_mlp,1.0,False,False
164,1.2195121951219512,-3.048780487804878,5.487804878048781,0.6946,qwen3,codealpaca,humaneval,gdn_only,softmax_plus_mlp,1.0,False,False
164,1.2195121951219512,-3.048780487804878,5.487804878048781,0.6954,qwen3,codealpaca,humaneval,all_layers,gdn_plus_mlp,1.0,False,False
164,-1.2195121951219512,-6.097560975609756,3.6585365853658534,0.6972,qwen3,codealpaca,humaneval,softmax_only,gdn_plus_mlp,1.0,False,False
512,0.5859375,-1.7578125,3.125,0.7066,qwen3,gsm8k_train,mmlu,gdn_only,__base__,1.0,False,False
164,1.2195121951219512,-3.6585365853658534,6.097560975609756,0.714,qwen3,codealpaca,humaneval,all_layers,mlp_only,1.0,False,False
299,-0.6688963210702341,-3.3444816053511706,2.0066889632107023,0.7144,falcon,ultrachat,arc_challenge,all_eligible,attention_only,1.0,False,False
256,-1.171875,-6.640625,4.296875,0.7148,qwen3,codealpaca,gsm8k,gdn_only,softmax_plus_mlp,1.0,False,False
512,0.390625,-1.171875,1.953125,0.7182,falcon,codealpaca,mmlu,all_eligible,mlp_only,1.0,False,False
299,-0.6688963210702341,-3.678929765886288,2.0066889632107023,0.7186,qwen3,gsm8k_train,arc_challenge,softmax_only,gdn_only,1.0,False,False
512,-0.390625,-1.953125,1.171875,0.7272,falcon,codealpaca,mmlu,attention_only,__base__,1.0,False,False
256,-1.171875,-7.03125,4.296875,0.7408,qwen3,codealpaca,gsm8k,all_layers,softmax_plus_mlp,1.0,False,False
512,0.5859375,-2.34375,3.515625,0.7444,qwen3,ultrachat,hellaswag,softmax_only,__base__,1.0,False,False
128,1.5625,-6.25,9.375,0.7454,qwen3,gsm8k_train,gsm8k,mlp_only,softmax_plus_mlp,1.0,False,False
512,-0.390625,-2.34375,1.3671875,0.7514,falcon,codealpaca,mmlu,attention_only,ssm_only,1.0,False,False
512,-0.390625,-2.1484375,1.3671875,0.7532,falcon,gsm8k_train,hellaswag,mlp_only,__base__,1.0,False,False
512,-0.390625,-2.1484375,1.3671875,0.7536,falcon,gsm8k_train,hellaswag,attention_plus_mlp,__base__,1.0,False,False
128,-2.34375,-14.84375,10.15625,0.757,qwen3,codealpaca,gsm8k,softmax_plus_mlp,__base__,1.0,False,False
256,1.171875,-5.078125,7.03125,0.7618,falcon,gsm8k_train,gsm8k,mlp_only,__base__,1.0,False,False
512,-0.5859375,-3.7109375,2.5390625,0.762,qwen3,ultrachat,mmlu,all_layers,mlp_only,1.0,False,False
299,-0.6688963210702341,-3.678929765886288,2.341137123745819,0.7632,qwen3,gsm8k_train,arc_challenge,softmax_plus_mlp,gdn_plus_mlp,1.0,False,False
512,0.5859375,-2.5390625,3.7109375,0.7648,qwen3,ultrachat,mmlu,mlp_only,gdn_plus_mlp,1.0,False,False
512,0.5859375,-2.5390625,3.7109375,0.766,qwen3,ultrachat,hellaswag,softmax_only,mlp_only,1.0,False,False
256,-1.171875,-7.421875,5.078125,0.7684,falcon,gsm8k_train,gsm8k,attention_plus_mlp,__base__,1.0,False,False
512,0.5859375,-2.5390625,3.90625,0.7714,qwen3,codealpaca,hellaswag,all_layers,softmax_only,1.0,False,False
512,-0.390625,-2.5439453124999956,1.7578125,0.7736,qwen3,gsm8k_train,mmlu,mlp_only,softmax_plus_mlp,1.0,False,False
128,-1.5625,-10.15625,6.25,0.7742,qwen3,gsm8k_train,gsm8k,gdn_only,softmax_plus_mlp,1.0,False,False
512,0.5859375,-2.9296875,3.90625,0.7802,qwen3,ultrachat,mmlu,gdn_only,__base__,1.0,False,False
157,-0.6369426751592357,-3.1847133757961785,1.2738853503184715,0.7804,falcon,codealpaca,humaneval,all_eligible,mlp_only,1.0,False,False
299,-0.6688963210702341,-4.013377926421405,2.6755852842809364,0.7808,qwen3,codealpaca,arc_challenge,all_layers,softmax_plus_mlp,1.0,False,False
512,-0.390625,-2.5390625,1.7578125,0.7898,qwen3,ultrachat,mmlu,softmax_only,mlp_only,1.0,False,False
512,-0.390625,-2.5390625,1.7578125,0.7916,qwen3,gsm8k_train,mmlu,all_layers,mlp_only,1.0,False,False
299,0.6688963210702341,-3.0100334448160537,4.3478260869565215,0.7968,qwen3,codealpaca,arc_challenge,gdn_only,softmax_plus_mlp,1.0,False,False
256,-0.78125,-5.078125,3.515625,0.797,falcon,codealpaca,gsm8k,attention_only,attention_plus_mlp,1.0,False,False
512,-0.390625,-2.9296875,2.1484375,0.7998,falcon,gsm8k_train,mmlu,attention_only,mlp_only,1.0,False,False
299,0.6688963210702341,-3.0100334448160537,4.3478260869565215,0.8,qwen3,codealpaca,arc_challenge,softmax_plus_mlp,gdn_plus_mlp,1.0,False,False
128,1.5625,-7.8125,10.9375,0.804,qwen3,gsm8k_train,gsm8k,gdn_only,__base__,1.0,False,False
512,-0.390625,-2.734375,1.7578125,0.8072,falcon,codealpaca,hellaswag,ssm_only,__base__,1.0,False,False
512,-0.390625,-2.9296875,1.953125,0.81,qwen3,codealpaca,hellaswag,softmax_plus_mlp,__base__,1.0,False,False
256,0.78125,-4.296875,5.859375,0.8136,falcon,gsm8k_train,gsm8k,ssm_only,mlp_only,1.0,False,False
256,-0.78125,-5.859375,4.296875,0.8172,falcon,ultrachat,gsm8k,all_eligible,ssm_only,1.0,False,False
256,-0.78125,-5.859375,4.296875,0.8184,qwen3,codealpaca,gsm8k,mlp_only,softmax_plus_mlp,1.0,False,False
299,0.33444816053511706,-1.0033444816053512,1.6806020066888416,0.8186,falcon,codealpaca,arc_challenge,attention_plus_mlp,ssm_plus_mlp,1.0,False,False
299,0.33444816053511706,-1.0033444816053512,1.6722408026755853,0.8202,falcon,gsm8k_train,arc_challenge,all_eligible,attention_plus_mlp,1.0,False,False
299,0.33444816053511706,-1.0033444816053512,2.0066889632107023,0.824,falcon,codealpaca,arc_challenge,mlp_only,attention_plus_mlp,1.0,False,False
256,0.78125,-4.296875,5.859375,0.8262,qwen3,codealpaca,gsm8k,softmax_only,gdn_only,1.0,False,False
164,0.6097560975609756,-1.8292682926829267,3.048780487804878,0.827,falcon,codealpaca,humaneval,mlp_only,attention_plus_mlp,1.0,False,False
299,-0.33444816053511706,-2.0066889632107023,1.0033444816053512,0.8274,falcon,gsm8k_train,arc_challenge,attention_plus_mlp,ssm_plus_mlp,1.0,False,False
299,-0.33444816053511706,-2.0066889632107023,1.0033444816053512,0.8274,falcon,ultrachat,arc_challenge,mlp_only,attention_plus_mlp,1.0,False,False
256,0.78125,-4.6875,6.25,0.83,qwen3,ultrachat,gsm8k,mlp_only,softmax_plus_mlp,1.0,False,False
157,0.6369426751592357,-1.910828025477707,3.1847133757961785,0.8312,falcon,codealpaca,humaneval,all_eligible,ssm_plus_mlp,1.0,False,False
164,0.6097560975609756,-1.8292682926829267,3.048780487804878,0.8338,falcon,codealpaca,humaneval,attention_plus_mlp,ssm_plus_mlp,1.0,False,False
128,-1.5625,-14.0625,10.9375,0.838,qwen3,codealpaca,gsm8k,all_layers,__base__,1.0,False,False
299,-0.33444816053511706,-1.6722408026755853,1.0033444816053512,0.8414,falcon,gsm8k_train,arc_challenge,mlp_only,ssm_plus_mlp,1.0,False,False
299,0.33444816053511706,-1.3377926421404682,2.0066889632107023,0.8418,falcon,codealpaca,arc_challenge,ssm_only,ssm_plus_mlp,1.0,False,False
256,0.78125,-4.296875,5.46875,0.8448,qwen3,ultrachat,gsm8k,softmax_only,gdn_only,1.0,False,False
512,0.390625,-2.734375,3.515625,0.8454,qwen3,ultrachat,mmlu,gdn_plus_mlp,__base__,1.0,False,False
299,-0.33444816053511706,-2.0066889632107023,1.3377926421404682,0.8464,falcon,codealpaca,arc_challenge,ssm_only,mlp_only,1.0,False,False
256,-0.78125,-5.859375,4.296875,0.847,qwen3,ultrachat,gsm8k,all_layers,softmax_only,1.0,False,False
512,-0.390625,-3.90625,2.9296875,0.8548,qwen3,codealpaca,mmlu,gdn_only,__base__,1.0,False,False
512,0.390625,-2.734375,3.515625,0.8554,qwen3,codealpaca,mmlu,all_layers,__base__,1.0,False,False
512,0.390625,-2.734375,3.515625,0.8572,qwen3,ultrachat,mmlu,all_layers,__base__,1.0,False,False
512,0.1953125,-0.78125,1.171875,0.8596,falcon,ultrachat,hellaswag,mlp_only,attention_plus_mlp,1.0,False,False
299,0.33444816053511706,-1.3377926421404682,2.0066889632107023,0.8598,qwen3,gsm8k_train,arc_challenge,mlp_only,softmax_plus_mlp,1.0,False,False
299,-0.33444816053511706,-2.341137123745819,1.6722408026755853,0.8636,falcon,codealpaca,arc_challenge,attention_only,__base__,1.0,False,False
512,-0.390625,-3.3203125,2.734375,0.8636,qwen3,codealpaca,mmlu,gdn_plus_mlp,__base__,1.0,False,False
128,1.5625,-10.9375,14.0625,0.8652,qwen3,codealpaca,gsm8k,mlp_only,__base__,1.0,False,False
299,0.33444816053511706,-1.6722408026755853,2.341137123745819,0.866,falcon,ultrachat,arc_challenge,all_eligible,mlp_only,1.0,False,False
299,0.33444816053511706,-1.6722408026755853,2.341137123745819,0.8662,falcon,gsm8k_train,arc_challenge,all_eligible,mlp_only,1.0,False,False
512,-0.390625,-3.7109375,3.125,0.8684,qwen3,ultrachat,mmlu,gdn_only,mlp_only,1.0,False,False
256,-0.78125,-6.640625,5.078125,0.8702,qwen3,codealpaca,gsm8k,all_layers,softmax_only,1.0,False,False
512,0.390625,-3.125,3.7109375,0.8724,qwen3,ultrachat,hellaswag,softmax_only,gdn_plus_mlp,1.0,False,False
299,-0.33444816053511706,-2.341137123745819,1.6722408026755853,0.8734,falcon,codealpaca,arc_challenge,all_eligible,attention_plus_mlp,1.0,False,False
299,-0.33444816053511706,-2.341137123745819,1.6722408026755853,0.8798,falcon,codealpaca,arc_challenge,all_eligible,ssm_only,1.0,False,False
164,-0.6097560975609756,-5.487804878048781,4.2682926829268295,0.8832,qwen3,codealpaca,humaneval,all_layers,softmax_plus_mlp,1.0,False,False
299,-0.33444816053511706,-3.0100334448160537,2.341137123745819,0.8844,falcon,ultrachat,arc_challenge,attention_only,ssm_only,1.0,False,False
512,-0.1953125,-1.5625,1.171875,0.8846,falcon,gsm8k_train,hellaswag,ssm_only,ssm_plus_mlp,1.0,False,False
512,-0.1953125,-1.5625,1.171875,0.8866,falcon,codealpaca,hellaswag,all_eligible,ssm_plus_mlp,1.0,False,False
299,-0.33444816053511706,-3.3444816053511706,2.341137123745819,0.8898,qwen3,codealpaca,arc_challenge,softmax_plus_mlp,__base__,1.0,False,False
299,-0.33444816053511706,-3.0100334448160537,2.341137123745819,0.8916,qwen3,gsm8k_train,arc_challenge,mlp_only,gdn_plus_mlp,1.0,False,False
299,0.33444816053511706,-2.341137123745819,3.0100334448160537,0.8924,falcon,gsm8k_train,arc_challenge,attention_only,ssm_only,1.0,False,False
299,-0.33444816053511706,-3.3444816053511706,2.6755852842809364,0.8982,falcon,ultrachat,arc_challenge,ssm_plus_mlp,__base__,1.0,False,False
512,-0.1953125,-1.5625,1.171875,0.9004,falcon,codealpaca,mmlu,ssm_only,ssm_plus_mlp,1.0,False,False
512,-0.1953125,-1.7578125,1.3671875,0.9044,falcon,gsm8k_train,hellaswag,all_eligible,ssm_only,1.0,False,False
512,-0.1953125,-1.953125,1.5625,0.9062,falcon,codealpaca,mmlu,all_eligible,ssm_only,1.0,False,False
299,0.33444816053511706,-2.6755852842809364,3.3444816053511706,0.9066,qwen3,ultrachat,arc_challenge,mlp_only,gdn_plus_mlp,1.0,False,False
299,-0.33444816053511706,-3.0100334448160537,2.341137123745819,0.9066,falcon,ultrachat,arc_challenge,attention_only,ssm_plus_mlp,1.0,False,False
512,0.1953125,-1.3671875,1.7578125,0.907,falcon,codealpaca,hellaswag,all_eligible,mlp_only,1.0,False,False
512,0.1953125,-1.7578125,2.1484375,0.908,falcon,codealpaca,mmlu,ssm_plus_mlp,__base__,1.0,False,False
299,-0.33444816053511706,-3.3444816053511706,2.341137123745819,0.9106,falcon,ultrachat,arc_challenge,ssm_only,__base__,1.0,False,False
299,0.33444816053511706,-3.0100334448160537,3.678929765886288,0.914,qwen3,ultrachat,arc_challenge,softmax_only,gdn_plus_mlp,1.0,False,False
512,0.1953125,-1.5625,1.953125,0.9146,falcon,codealpaca,mmlu,attention_only,mlp_only,1.0,False,False
512,0.1953125,-1.171875,1.5625,0.9182,falcon,codealpaca,hellaswag,attention_plus_mlp,ssm_plus_mlp,1.0,False,False
512,0.1953125,-1.7578125,2.1484375,0.9216,falcon,ultrachat,mmlu,all_eligible,mlp_only,1.0,False,False
128,-0.78125,-8.59375,7.03125,0.9218,qwen3,gsm8k_train,gsm8k,all_layers,gdn_plus_mlp,1.0,False,False
512,0.1953125,-1.7578125,2.34375,0.922,falcon,ultrachat,mmlu,all_eligible,attention_only,1.0,False,False
512,0.1953125,-1.5625,1.953125,0.927,falcon,ultrachat,mmlu,all_eligible,ssm_plus_mlp,1.0,False,False
256,0.390625,-4.296875,5.078125,0.928,falcon,codealpaca,gsm8k,ssm_only,attention_plus_mlp,1.0,False,False
512,0.1953125,-1.953125,2.34375,0.9284,qwen3,codealpaca,mmlu,mlp_only,softmax_plus_mlp,1.0,False,False
256,0.390625,-3.90625,5.078125,0.9284,falcon,codealpaca,gsm8k,all_eligible,ssm_plus_mlp,1.0,False,False
256,-0.390625,-5.46875,4.6875,0.9288,qwen3,codealpaca,gsm8k,gdn_only,mlp_only,1.0,False,False
512,-0.1953125,-2.34375,1.953125,0.9296,falcon,codealpaca,mmlu,all_eligible,__base__,1.0,False,False
256,0.390625,-4.296875,5.46875,0.93,falcon,ultrachat,gsm8k,ssm_only,ssm_plus_mlp,1.0,False,False
512,0.1953125,-2.1484375,2.5390625,0.9328,qwen3,codealpaca,hellaswag,softmax_only,mlp_only,1.0,False,False
256,0.390625,-4.296875,5.078125,0.9364,falcon,codealpaca,gsm8k,attention_only,mlp_only,1.0,False,False
512,0.1953125,-1.7578125,2.1484375,0.9374,falcon,codealpaca,mmlu,all_eligible,attention_only,1.0,False,False
256,-0.390625,-6.25,5.46875,0.9394,qwen3,codealpaca,gsm8k,softmax_only,softmax_plus_mlp,1.0,False,False
512,-0.1953125,-2.34375,1.953125,0.9396,qwen3,gsm8k_train,mmlu,softmax_plus_mlp,__base__,1.0,False,False
512,0.1953125,-2.5390625,2.9296875,0.94,qwen3,gsm8k_train,mmlu,softmax_only,gdn_only,1.0,False,False
256,-0.390625,-5.46875,4.6875,0.9404,falcon,ultrachat,gsm8k,all_eligible,attention_plus_mlp,1.0,False,False
299,0.33444816053511706,-3.0100334448160537,3.678929765886288,0.9406,qwen3,codealpaca,arc_challenge,all_layers,softmax_only,1.0,False,False
512,0.1953125,-2.734375,3.125,0.942,qwen3,ultrachat,mmlu,gdn_only,gdn_plus_mlp,1.0,False,False
512,-0.1953125,-3.3203125,2.9296875,0.9422,qwen3,ultrachat,hellaswag,mlp_only,gdn_plus_mlp,1.0,False,False
512,-0.1953125,-2.5390625,2.1484375,0.9436,falcon,gsm8k_train,mmlu,ssm_plus_mlp,__base__,1.0,False,False
256,0.390625,-5.078125,5.859375,0.9454,qwen3,codealpaca,gsm8k,softmax_only,mlp_only,1.0,False,False
299,0.33444816053511706,-3.678929765886288,4.3478260869565215,0.9458,qwen3,codealpaca,arc_challenge,gdn_only,__base__,1.0,False,False
512,-0.1953125,-3.125,2.734375,0.948,qwen3,ultrachat,mmlu,all_layers,softmax_only,1.0,False,False
512,0.1953125,-2.9296875,3.3203125,0.9488,qwen3,codealpaca,hellaswag,softmax_only,gdn_plus_mlp,1.0,False,False
299,-0.33444816053511706,-4.013377926421405,3.3444816053511706,0.9488,qwen3,codealpaca,arc_challenge,softmax_only,gdn_plus_mlp,1.0,False,False
256,-0.390625,-5.46875,5.078125,0.949,qwen3,codealpaca,gsm8k,all_layers,mlp_only,1.0,False,False
512,-0.1953125,-2.5390625,1.958007812499929,0.949,falcon,gsm8k_train,mmlu,all_eligible,__base__,1.0,False,False
256,-0.390625,-5.078125,4.296875,0.9498,falcon,ultrachat,gsm8k,all_eligible,ssm_plus_mlp,1.0,False,False
512,0.1953125,-2.9296875,3.3203125,0.9508,qwen3,ultrachat,mmlu,softmax_only,gdn_plus_mlp,1.0,False,False
128,-0.78125,-13.28125,11.71875,0.9518,qwen3,codealpaca,gsm8k,gdn_plus_mlp,__base__,1.0,False,False
512,0.1953125,-3.515625,3.90625,0.9564,qwen3,ultrachat,hellaswag,gdn_plus_mlp,__base__,1.0,False,False
256,0.390625,-5.078125,5.859375,0.957,falcon,gsm8k_train,gsm8k,all_eligible,ssm_only,1.0,False,False
256,0.390625,-5.078125,5.859375,0.9572,falcon,ultrachat,gsm8k,ssm_only,attention_plus_mlp,1.0,False,False
512,-0.1953125,-3.515625,3.125,0.9582,qwen3,ultrachat,mmlu,all_layers,gdn_only,1.0,False,False
128,0.78125,-10.957031249999982,12.5,0.9586,qwen3,ultrachat,gsm8k,mlp_only,__base__,1.0,False,False
128,0.78125,-11.71875,12.5,0.9742,qwen3,ultrachat,gsm8k,softmax_plus_mlp,__base__,1.0,False,False
299,0.0,-2.341137123745819,2.341137123745819,1.0,falcon,ultrachat,arc_challenge,all_eligible,attention_plus_mlp,1.0,False,False
256,0.0,-5.078125,5.078125,1.0,qwen3,codealpaca,gsm8k,all_layers,gdn_only,1.0,False,False
512,0.0,-3.515625,3.3203125,1.0,qwen3,ultrachat,hellaswag,mlp_only,__base__,1.0,False,False
299,0.0,-1.6722408026755853,1.6722408026755853,1.0,falcon,gsm8k_train,arc_challenge,all_eligible,ssm_plus_mlp,1.0,False,False
299,0.0,-1.6722408026755853,1.6722408026755853,1.0,falcon,gsm8k_train,arc_challenge,mlp_only,attention_plus_mlp,1.0,False,False
512,0.0,-3.125,3.125,1.0,qwen3,codealpaca,hellaswag,mlp_only,gdn_plus_mlp,1.0,False,False
164,0.0,-4.878048780487805,4.878048780487805,1.0,falcon,codealpaca,humaneval,attention_only,ssm_only,1.0,False,False
512,0.0,-1.5625,1.5625,1.0,falcon,gsm8k_train,mmlu,all_eligible,ssm_plus_mlp,1.0,False,False
157,0.0,-3.821656050955414,3.1847133757961785,1.0,falcon,codealpaca,humaneval,all_eligible,attention_plus_mlp,1.0,False,False
512,0.0,-1.5625,1.5625,1.0,falcon,ultrachat,mmlu,mlp_only,ssm_plus_mlp,1.0,False,False
512,0.0,-1.953125,1.953125,1.0,falcon,ultrachat,mmlu,attention_only,mlp_only,1.0,False,False
512,0.0,-1.953125,2.1484375,1.0,falcon,ultrachat,mmlu,attention_only,ssm_plus_mlp,1.0,False,False
512,0.0,-2.1484375,2.34375,1.0,falcon,ultrachat,mmlu,ssm_only,__base__,1.0,False,False
256,0.0,-4.296875,4.296875,1.0,falcon,ultrachat,gsm8k,attention_plus_mlp,ssm_plus_mlp,1.0,False,False
299,0.0,-2.6755852842809364,2.6755852842809364,1.0,qwen3,codealpaca,arc_challenge,all_layers,gdn_plus_mlp,1.0,False,False
256,0.0,-4.296875,4.296875,1.0,falcon,ultrachat,gsm8k,attention_only,mlp_only,1.0,False,False
512,0.0,-3.125,3.125,1.0,qwen3,codealpaca,mmlu,gdn_only,gdn_plus_mlp,1.0,False,False
512,0.0,-0.9765625,0.9765625,1.0,falcon,gsm8k_train,hellaswag,mlp_only,attention_plus_mlp,1.0,False,False
164,0.0,-4.2682926829268295,4.2682926829268295,1.0,qwen3,codealpaca,humaneval,mlp_only,gdn_plus_mlp,1.0,False,False
299,0.0,-1.3377926421404682,1.3377926421404682,1.0,falcon,ultrachat,arc_challenge,ssm_only,ssm_plus_mlp,1.0,False,False
299,0.0,-3.3444816053511706,3.3444816053511706,1.0,qwen3,ultrachat,arc_challenge,all_layers,gdn_only,1.0,False,False
299,0.0,-2.6755852842809364,2.6755852842809364,1.0,qwen3,ultrachat,arc_challenge,softmax_only,mlp_only,1.0,False,False
299,0.0,-1.6722408026755853,1.6722408026755853,1.0,falcon,codealpaca,arc_challenge,all_eligible,ssm_plus_mlp,1.0,False,False
512,0.0,-3.515625,3.515625,1.0,qwen3,ultrachat,mmlu,softmax_only,gdn_only,1.0,False,False
512,0.0,-2.5390625,2.34375,1.0,qwen3,ultrachat,mmlu,all_layers,gdn_plus_mlp,1.0,False,False
128,0.0,-11.71875,11.71875,1.0,qwen3,ultrachat,gsm8k,gdn_plus_mlp,__base__,1.0,False,False
299,0.0,-3.3444816053511706,3.3444816053511706,1.0,qwen3,ultrachat,arc_challenge,gdn_only,__base__,1.0,False,False
299,0.0,-3.3444816053511706,3.3444816053511706,1.0,qwen3,ultrachat,arc_challenge,all_layers,__base__,1.0,False,False
512,0.0,-2.5390625,2.34375,1.0,qwen3,gsm8k_train,hellaswag,softmax_plus_mlp,__base__,1.0,False,False
512,0.0,-2.734375,2.734375,1.0,qwen3,gsm8k_train,hellaswag,all_layers,gdn_plus_mlp,1.0,False,False
299,0.0,-2.0066889632107023,2.0066889632107023,1.0,falcon,codealpaca,arc_challenge,ssm_only,attention_plus_mlp,1.0,False,False
256,0.0,-5.46875,5.46875,1.0,qwen3,ultrachat,gsm8k,all_layers,gdn_only,1.0,False,False
299,0.0,-2.0066889632107023,2.0066889632107023,1.0,qwen3,gsm8k_train,arc_challenge,gdn_only,__base__,1.0,False,False
512,0.0,-2.1484375,2.1484375,1.0,falcon,codealpaca,mmlu,ssm_only,__base__,1.0,False,False
